x1,x2,y
-1.455096,-1.393139,1
-0.135766,-0.221321,0
0.646721,0.045747,0
1.037683,0.784517,0
-0.742049,0.849766,0
1.425977,1.447553,1
1.421011,-0.523106,1
0.281622,0.924759,0
0.486991,1.278378,1
1.156241,0.625599,1
-0.135429,1.274151,1
1.481985,0.657512,1
-1.047372,0.425866,0
-0.863418,1.128481,0
1.12438,0.065401,1
1.494027,0.64151,1
-1.344093,-0.500098,1
-0.408257,1.427208,1
-0.434935,0.434166,0
0.544792,-0.054928,0
1.311361,0.539557,1
-0.483779,-1.199438,1
1.058458,1.487603,1
-0.434462,1.388337,1
0.381782,-0.296862,0
0.027798,1.490542,1
1.001236,-1.250727,1
0.036619,0.727753,0
-0.459876,-1.134961,1
-1.311236,-0.968892,1
1.281989,-0.107407,1
-1.271897,-0.839974,1
-0.693134,-1.259503,1
-0.698795,-1.28926,1
0.59689,1.252902,1
-0.971703,-0.576535,1
-0.0274,-0.301614,0
0.173731,-1.108287,1
1.227283,-0.120206,1
0.839481,-0.800815,1
-1.071793,1.432679,1
1.439568,-1.369062,1
0.620809,0.128741,0
-0.56332,-0.808654,1
-0.035903,-1.29881,1
-0.8425,0.002919,0
0.720282,-1.248682,1
-0.564782,-0.057465,0
0.658153,-0.818394,1
-0.106234,-1.461404,1
0.388792,0.601255,0
-0.408622,0.981359,0
-0.019518,-1.487422,1
-1.166292,0.437514,1
0.195494,-1.195188,1
-0.195171,0.087623,0
0.332517,-1.468188,1
-0.765148,-1.445839,1
0.191075,1.239816,1
0.10087,-0.434709,0
0.586435,0.909282,0
-0.768024,0.109075,0
-0.661492,-0.829278,1
0.684654,-0.089474,0
0.472317,0.862112,0
0.281663,0.387569,0
-0.202817,1.221574,1
-0.397352,-0.107077,0
-1.14171,0.790454,1
-0.249616,1.48237,1
-1.095891,-1.360423,1
-1.281186,-0.856291,1
1.322022,-0.752438,1
0.191134,-0.67889,0
-1.31721,-0.800457,1
0.403669,-0.658983,0
-1.006326,-0.414482,1
0.476603,-0.239083,0
-0.973151,-0.61232,1
-0.884951,-0.183934,0
-0.450311,-1.491182,1
1.421317,0.368509,1
-1.455438,0.482775,1
1.187274,0.815797,1
-0.723685,-1.25416,1
0.687094,-0.77945,1
-0.149505,-1.357349,1
0.892836,-0.039933,0
1.097952,-0.835989,1
0.900121,-1.197502,1
1.205286,1.154484,1
1.25656,1.303028,1
0.726051,-0.713072,1
0.684903,-1.062927,1
-0.179955,1.486157,1
-0.582808,0.736562,0
0.9923,0.119263,0
-0.54657,-0.220688,0
0.752771,0.006878,0
-1.061706,-0.632821,1
-0.884501,1.1553,1
1.310921,0.944941,1
-0.316797,-1.370759,1
-1.052295,-0.91624,1
-0.493649,1.137461,0
-0.250693,-0.686861,0
-0.750085,-0.308745,0
-0.628837,-0.679065,1
-0.770423,-0.922996,1
-1.228489,0.284663,1
0.19035,-1.213882,1
0.630494,1.16234,0
-0.621097,-0.152872,0
0.172726,-0.952501,1
-1.062836,-0.411819,1
0.756173,-0.162818,0
1.195854,-0.355119,1
-0.989898,-0.353816,1
-0.357554,-0.39989,0
1.388631,-0.073663,1
0.111802,-0.027964,0
0.417504,0.14198,0
1.450157,-0.632601,1
0.014131,0.60026,0
0.264907,-0.802866,1
-1.0518,1.248243,1
-0.138976,-0.654513,0
1.463939,0.111766,1
1.010951,0.387003,0
0.480085,-1.462886,1
-0.949101,0.942262,0
0.519044,-1.348913,1
0.63526,0.533653,0
0.752136,0.707135,0
1.384266,0.262269,1
0.73728,-1.123985,1
0.782772,0.535494,0
-1.485835,0.505702,1
-0.461414,-1.237257,1
0.089753,-1.401284,1
0.88978,1.389236,1
-0.819046,-0.117775,0
0.888888,-0.845253,1
0.918052,-1.206622,1
-0.768048,0.376481,0
-0.228304,0.525871,0
0.562217,-1.355142,1
1.389703,1.130146,1
-0.184808,1.15362,0
-1.335994,-1.106636,1
-0.247588,0.228458,0
1.166261,-1.391082,1
-1.331626,-0.119152,1
1.122776,-0.185854,1
1.303317,1.245362,1
-1.220238,-0.01581,1
0.563961,0.464354,0
1.239589,-0.879234,1
1.380314,-0.655198,1
-0.268647,-0.511359,0
-0.048515,0.038165,0
-0.376183,0.691944,0
-1.398709,-0.41404,1
0.777381,1.269607,1
0.097004,1.395122,1
0.913355,-0.850506,1
1.276879,0.966762,1
-0.322932,0.14404,0
-1.123149,-0.600862,1
-0.664923,-0.088566,0
0.702627,-0.469361,1
-0.126229,1.160258,1
-0.610433,0.952474,0
-0.152807,-0.122796,0
0.081443,-0.295346,0
-1.102858,0.715683,0
-0.443135,-0.488233,0
0.293637,0.135447,0
1.106652,-1.104048,1
1.319269,0.176003,1
0.993611,-0.555483,1
0.010137,-0.586676,0
-0.896853,-1.418959,1
-0.675347,-0.931278,1
-0.670333,-0.362541,0
-1.278503,-0.977344,1
0.691352,0.379164,0
0.709854,-0.982922,1
1.111022,-1.129264,1
-0.370918,0.772998,0
1.176545,-0.892751,1
1.14634,-0.454593,1
-0.010384,-1.228946,1
-1.128917,1.458987,1
-1.461585,-1.207666,1
0.182499,-0.196368,0
-0.616689,0.212439,0
-0.949578,-0.921707,1
-1.31052,-0.225702,1
0.339963,1.263337,1
-0.853516,0.525535,0
0.67447,-1.07547,1
-0.311041,0.574973,0
-0.986041,0.71466,0
0.964792,-0.654986,1
-0.492223,-0.234767,0
-1.422662,-0.122645,1
-0.765869,-1.104435,1
0.042421,-0.585557,0
-1.08144,-1.246588,1
-0.35336,-0.913569,1
0.749938,-0.939981,1
-0.04102,-1.273785,1
0.559892,0.12818,0
0.225436,1.46243,1
-1.005578,-0.211782,1
0.824156,0.17096,0
-0.341661,0.993783,0
0.835224,1.134248,0
-0.096533,-1.117971,1
0.766293,-0.053478,0
0.824037,1.364606,1
-1.142614,0.004679,1
1.07081,1.222693,1
-1.179407,0.564792,1
-0.495448,-0.884784,1
-0.28858,-0.392493,0
0.523927,0.220452,0
0.27073,1.181755,0
-0.838573,-0.351638,1
1.467292,-1.190404,1
0.573364,0.778173,0
-0.716699,1.426677,1
0.99326,0.847095,0
1.036413,-1.427055,1
0.460564,-1.170641,1
1.069398,1.247118,1
1.3309,0.164313,1
-1.242511,-1.009523,1
0.0228,0.632733,0
1.303022,-0.764344,1
-1.249685,-1.331475,1
1.337038,-0.580841,1
0.565303,-0.160245,0
0.019643,0.841823,0
0.608178,1.068369,0
0.019269,0.23001,0
-0.642355,1.134025,0
-0.788008,-0.038175,0
0.843486,-1.28432,1
-0.385837,-0.716821,1
0.5948,-0.084571,0
-0.632151,0.474459,0
1.116857,-0.745799,1
-0.297546,-0.927324,1
0.438402,-1.184178,1
1.155015,-0.44585,1
-0.897207,1.038429,0
-1.193101,-1.366952,1
1.381411,-0.285468,1
1.131774,-0.9563,1
0.296476,0.69939,0
1.106207,0.937575,1
1.080224,0.097583,1
0.876208,-1.426494,1
0.053379,0.843514,0
0.722118,0.74886,0
-0.517031,1.123144,0
-0.559042,-1.240767,1
-0.017153,0.468767,0
-1.384861,0.46784,1
0.600341,0.652582,0
-0.863862,0.192746,0
0.312339,-0.001441,0
-0.025073,0.230187,0
-0.054486,-1.077881,1
0.526038,0.440336,0
-0.551606,-0.244798,0
-1.234636,-0.862732,1
0.54009,-0.590698,1
-0.015471,1.206574,1
-0.047061,-1.472602,1
-1.435647,-0.37798,1
-0.353037,-0.863817,1
0.568229,-1.331643,1
1.415788,0.814862,1
0.983811,1.243311,1
0.228439,-1.177012,1
0.062453,0.235593,0
0.855574,0.78296,0
-0.510917,-1.082932,1
0.631743,0.411777,0
0.438179,0.89142,0
-0.602731,-0.23362,0
1.427802,0.840049,1
0.706948,0.25674,0
0.955027,1.422281,1
-1.418263,-1.414359,1
-0.526991,-0.903517,1
0.772465,-0.635721,1
0.751256,0.603584,0
-0.192296,-1.006047,1
-0.722109,-1.174589,1
0.798058,1.3774,1
-1.295281,-0.618867,1
-1.289272,-0.502494,1
0.821651,0.01041,0
0.147536,-1.347378,1
1.465234,0.832731,1
1.094463,1.060687,1
-0.758428,1.386629,1
-0.641321,0.25145,0
-0.004355,-0.87349,0
0.867954,1.288264,1
1.467393,-1.381521,1
0.410465,-0.814719,1
-0.775488,0.870783,0
-0.828231,1.332338,1
0.731358,1.427732,1
0.845841,-0.005778,0
-0.38784,1.139158,0
-0.107379,-0.725204,0
-1.220363,-0.264892,1
-0.457093,1.133641,0
0.716552,0.305379,0
-0.372552,-0.079918,0
0.962921,-0.216276,1
1.224679,1.483785,1
1.290296,-1.357889,1
0.443413,-0.466942,0
-0.406373,0.629155,0
0.689334,-1.068181,1
0.161012,0.335827,0
-1.120893,1.054221,1
-0.564046,-0.966674,1
-0.38414,-0.169434,0
-0.796385,0.54684,0
1.005865,0.618735,0
-1.351317,1.160599,1
0.076278,-0.696368,0
1.446884,0.887412,1
0.661876,-0.910908,1
0.913798,1.097912,1
-1.13303,1.324865,1
0.243331,-0.345384,0
0.924226,1.277236,1
-0.970683,0.438437,0
-0.666285,-0.341935,0
0.818145,0.082925,0
-0.270161,-0.588656,0
1.364206,0.656483,1
-0.331693,-0.494166,0
0.611363,1.340073,1
-0.886924,-1.213884,1
-1.110768,0.06497,1
-0.952527,-0.783849,1
-0.819867,-0.606497,1
-0.371289,-0.459174,0
0.765935,-1.113343,1
-0.412734,-0.523742,0
0.147152,0.530503,0
-0.815494,0.804308,0
-0.153806,1.351211,1
0.700571,-0.879223,1
0.792088,-0.194783,0
0.697519,-1.239887,1
-1.490566,0.845467,1
0.780641,-0.205001,0
-0.794022,1.160025,0
0.261109,0.05597,0
0.030105,0.288217,0
1.384246,0.009855,1
-1.060751,-1.129731,1
-0.50386,0.038912,0
1.459124,-0.055284,1
-0.739893,0.445355,0
1.100484,1.244439,1
-1.230042,0.191851,1
0.895024,-0.529131,1
-0.388813,-0.212497,0
-0.857019,-0.169582,0
0.447026,-0.349402,0
-0.602649,0.050722,0
-1.000178,1.249531,1
-0.886842,0.962918,0
-1.053919,-0.03779,1
0.785512,0.867746,0
1.321382,-0.250001,1
1.162329,-1.158961,1
1.11746,1.057658,1
0.327068,0.893281,0
0.940022,1.47934,1
-1.185313,1.489212,1
-1.100157,0.210589,1
1.325756,0.971702,1
1.322229,0.511038,1
-1.135581,0.468012,0
-1.103844,0.815433,1
-0.421401,-0.986469,1
-0.750014,-0.009535,0
1.496522,-0.714461,1
0.128471,1.338218,1
0.577292,1.155584,0
1.174778,1.323086,1
0.131098,-0.053223,0
-1.076397,-0.304278,1
0.921565,0.837768,0
0.352027,-1.250735,1
-0.903816,1.435279,1
0.073108,-0.110463,0
-0.666155,0.417656,0
-0.738441,1.054122,0
0.629107,-0.844143,1
1.472593,1.119056,1
1.074344,-0.594998,1
-1.383096,1.019953,1
0.162977,0.03634,0
-0.341891,1.019764,0
0.383665,-1.345742,1
0.686707,0.10862,0
-0.409901,-0.784869,1
0.872224,-0.19636,0
0.017548,-0.275828,0
-1.46505,1.107616,1
0.970435,0.241445,0
1.397315,0.829309,1
-1.025089,0.574626,0
-0.186158,0.71368,0
0.085567,-0.637371,0
-0.585141,0.658787,0
-0.741191,1.33162,1
-0.60816,-0.88488,1
0.240416,-0.689424,0
0.172319,-1.406345,1
-0.192001,0.784821,0
-1.16287,0.549859,1
-0.716425,-1.036088,1
-0.03348,-0.632675,0
0.925577,-0.624762,1
1.159523,0.866675,1
1.479129,1.12288,1
-0.639146,-1.404887,1
0.583585,0.525381,0
1.150222,-0.244408,1
0.251399,0.030318,0
0.117792,-0.677006,0
-0.612786,0.343504,0
-0.308943,-0.417712,0
0.379374,0.929908,0
0.988269,-1.059845,1
-0.44325,-0.816064,1
-0.742321,-0.553318,1
1.347492,0.830592,1
-0.090001,-0.677378,0
-1.109414,-0.338628,1
-0.563514,0.126145,0
0.87847,0.152013,0
1.028362,0.818321,0
-1.421829,-1.24442,1
0.260695,0.542113,0
-0.82302,1.063222,0
-0.413063,0.722246,0
-1.376973,-1.060701,1
1.091326,-0.234657,1
1.02095,-0.271389,1
1.155421,0.957929,1
1.470466,-1.351602,1
1.249406,-0.524988,1
-0.215893,1.214247,1
0.895582,-0.459589,1
0.838864,-1.026439,1
0.721304,-0.629848,1
-0.535193,-0.218971,0
0.831156,-0.885324,1
0.840672,-1.066252,1
-1.402634,1.474929,1
0.55776,0.939445,0
0.768267,-0.03049,0
0.946112,-0.962049,1
0.976695,-0.618788,1
-0.293406,1.294191,1
0.467653,-1.483871,1
-0.101701,1.26135,1
0.894442,1.268016,1
0.697319,1.023818,0
0.865518,-0.91558,1
-0.483391,0.031231,0
0.825307,-1.138557,1
-0.174331,-0.62323,0
1.440914,0.201275,1
0.402874,-0.082463,0
0.245916,0.868492,0
0.214258,-0.810372,0
-0.176877,1.110511,0
0.112601,0.874478,0
-0.785795,-0.27973,0
-0.365411,0.809836,0
-1.205472,0.215948,1
-1.457146,-1.352651,1
-0.399149,-1.231283,1
0.126295,-0.985709,1
-0.942767,-1.14357,1
-1.438139,0.652898,1
0.917536,-0.10738,0
-0.707748,-0.041723,0
-0.544726,-1.282374,1
0.251801,0.5924,0
-0.045501,0.753653,0
-0.89874,0.742513,0
-0.820015,-1.010331,1
-0.008648,0.803003,0
0.662327,-1.247139,1
-0.105237,0.199453,0
0.595163,-0.080269,0
0.712252,-0.502401,1
-1.268753,0.046205,1
0.474951,1.223974,0
-0.353498,0.04725,0
-0.758647,-0.64663,1
0.989261,-0.097157,1
0.55654,-0.704964,1
-0.788645,0.675716,0
0.615664,-1.474904,1
-1.45189,0.415141,1
-0.404732,-0.751785,1
-0.683885,0.407407,0
-0.096096,-1.223413,1
-0.147384,0.44467,0
-0.519579,1.347544,1
0.934263,1.321657,1
1.390078,-0.791219,1
1.146903,1.428027,1
-1.346288,-0.873124,1
0.220996,1.265561,1
-0.464452,-0.473146,0
-0.461223,-0.599034,0
0.925811,0.704899,0
0.266953,-0.421271,0
0.008879,0.414729,0
0.93739,0.157747,0
0.059949,1.491435,1
-0.662757,0.604312,0
0.207831,1.387864,1
0.849594,0.257008,0
0.931017,-1.419791,1
-0.777798,0.582566,0
-0.736418,-0.370481,0
-1.464832,-0.775126,1
0.335473,0.886624,0
-0.988309,-1.010629,1
-0.275376,-0.78883,1
0.130772,-0.35243,0
0.659305,-0.622898,1
0.526083,1.437161,1
0.473301,1.445284,1
-1.361443,0.412485,1
-1.403436,1.158163,1
-1.262069,0.989228,1
0.898941,-0.048765,0
1.427301,0.080445,1
-0.451133,0.547362,0
-0.390671,-1.049944,1
0.303874,1.469148,1
1.344114,1.192348,1
-1.362503,-1.087547,1
-0.779165,-0.592345,1
0.359245,-0.777219,1
0.977388,0.698366,0
-0.944922,1.076805,1
0.851342,-0.248657,1
1.035297,0.605776,0
-0.720168,-1.327964,1
-0.225208,1.32498,1
0.204628,-1.378027,1
-1.04078,-0.093344,1
-0.75636,-0.805926,1
-1.289156,1.009479,1
-1.319915,-1.011256,1
-0.984692,-0.946741,1
0.002461,0.138519,0
0.049088,-0.925036,0
-1.429845,0.167466,1
-0.164639,0.980642,0
0.01454,-1.35468,1
1.150719,-0.544357,1
0.845497,0.983117,0
1.345093,-1.309423,1
0.613091,0.772571,0
-1.126756,1.168622,1
0.080744,-0.816141,0
-0.954054,0.671102,0
-1.148854,-0.646807,1
-0.252133,0.974561,0
0.520919,1.341451,1
1.22383,-0.469638,1
0.17578,0.127891,0
1.474993,0.555141,1
0.035663,-0.476142,0
0.259576,1.420908,1
0.598093,-0.118085,0
1.230767,1.39714,1
0.207722,-0.311343,0
0.460067,1.059569,0
0.805048,0.390148,0
-0.880081,-1.19832,1
1.046278,-1.130876,1
0.047317,0.974866,0
-0.509939,-0.806969,1
0.76314,-0.569062,1
0.80008,1.454086,1
-0.170718,0.042029,0
-0.69312,1.141432,0
0.215812,0.870757,0
1.489971,1.287971,1
-1.365451,-0.464396,1
0.265327,-1.135766,1
-0.691951,0.249894,0
1.462761,0.645469,1
-1.121882,-0.691767,1
0.59283,1.49323,1
-0.325784,0.349695,0
-0.028857,-0.086823,0
0.431377,0.57163,0
-0.26731,-1.431828,1
0.335997,0.932307,0
0.100783,0.348572,0
-0.524154,-0.325162,0
0.075356,0.062375,0
-1.377108,-0.177137,1
-1.319917,1.422138,1
-0.110102,1.4759,1
0.865297,-0.498365,1
1.072272,1.406513,1
1.332431,-0.330542,1
-0.735638,-0.273364,0
-1.229539,1.401032,1
-1.0142,0.574905,0
1.3742,1.269193,1
-1.150933,1.355815,1
0.478111,1.451127,1
-0.07469,-1.302375,1
0.858083,-1.450299,1
0.682897,0.522598,0
-0.961051,1.067005,1
1.291925,-0.109416,1
-0.707485,-1.312478,1
-1.276587,0.438859,1
1.267978,-0.576347,1
0.470886,0.870304,0
-1.481536,-0.580857,1
-0.992302,-0.743002,1
-0.170695,-1.062307,1
1.079534,-0.354717,1
-0.465996,1.368417,1
-0.071946,-0.488614,0
-0.809174,0.298306,0
-1.338196,-0.967666,1
0.060353,0.505808,0
-0.108908,-1.419498,1
0.505751,1.399888,1
-0.07501,-1.437279,1
-0.494369,0.299831,0
0.796991,1.339492,1
0.334774,0.158997,0
-0.602522,1.027069,0
0.512302,-1.332802,1
-0.051659,0.314772,0
-0.028221,0.024882,0
-0.098323,-1.398951,1
-0.227434,1.199003,1
1.456,0.069382,1
1.229272,-0.997665,1
-0.876509,0.791723,0
-0.47594,0.204326,0
-0.495673,-1.303467,1
-0.018244,0.87679,0
0.881776,-0.69019,1
-1.363071,-0.426099,1
1.08035,-0.480707,1
-1.337049,-0.290592,1
1.479487,-1.163611,1
-0.326245,-1.332349,1
0.594063,0.198661,0
0.965726,0.743386,0
-0.204294,0.943875,0
-1.388049,-0.132631,1
-1.137204,-1.157747,1
-0.802507,-0.625655,1
-0.50226,-0.207072,0
1.478173,1.230285,1
0.196504,0.98068,0
0.539846,0.175532,0
1.16295,-0.62224,1
1.092142,0.881911,1
0.385306,0.262718,0
0.428542,0.269089,0
1.208231,-0.054315,1
0.09981,-0.119271,0
0.634451,-0.277221,0
-0.680579,1.36193,1
0.43975,0.548729,0
1.303787,0.4649,1
-1.464624,0.019545,1
0.354443,-1.046316,1
-0.513074,-0.997561,1
0.244956,-1.190793,1
1.478682,1.017533,1
-1.205664,-0.209314,1
-0.710824,-0.652244,1
-0.831802,-0.603537,1
1.390166,-0.984006,1
0.44812,-1.095277,1
-1.224663,0.606183,1
1.457613,0.64362,1
0.094367,-0.743785,0
1.424765,1.048059,1
-0.605679,-0.419451,0
-0.331974,-0.70793,0
-0.123424,0.530929,0
-0.147435,0.908502,0
0.6925,-0.691805,1
-1.072524,1.040026,1
0.615384,-1.227679,1
0.618647,1.352834,1
-1.087538,-0.504047,1
-0.41131,-0.736269,1
0.810132,0.764286,0
-1.29417,0.893641,1
-0.195551,-0.153734,0
-0.527294,1.178631,0
0.72105,0.738874,0
1.469541,1.284784,1
-1.498293,-1.290862,1
1.379363,0.614419,1
0.45453,-0.666042,1
-0.306343,0.342768,0
1.207231,-0.411995,1
0.950169,-1.131147,1
0.087292,0.016655,0
1.315129,1.006505,1
-0.6197,-0.645899,1
1.2542,1.437992,1
-0.743062,1.320372,1
-1.384358,0.285361,1
-1.27556,1.22102,1
-1.078941,1.133507,1
-0.371288,0.411068,0
-0.754106,-0.192308,0
0.03624,0.392355,0
-0.13291,-1.456014,1
-1.195953,-0.310896,1
-1.186485,-1.308069,1
0.872997,1.283074,1
0.075743,1.427634,1
0.962403,-0.694252,1
-0.611443,-0.654214,1
0.94647,0.88181,0
-0.232293,0.542672,0
-0.31762,0.302334,0
-1.185829,1.159072,1
0.357115,-0.754526,1
-0.046233,-1.282338,1
-0.724373,1.098062,0
-1.468686,-0.233147,1
0.884884,0.712993,0
0.117644,1.048625,0
-0.634916,0.698323,0
-1.1208,-0.723773,1
0.86845,-1.045225,1
-0.202921,0.468836,0
-0.627039,-0.763676,1
0.370602,0.652293,0
-0.441175,1.373979,1
1.031154,-0.909376,1
0.183689,-0.075177,0
-1.431528,1.267497,1
0.650908,-0.852589,1
0.95531,0.642902,0
-1.464973,-0.136732,1
1.420327,0.442073,1
1.296201,0.620474,1
-0.673546,0.401239,0
1.295175,0.896932,1
1.347916,0.746522,1
1.023874,0.991623,1
-0.740221,0.625172,0
0.725237,1.395462,1
0.712022,-1.061096,1
0.630495,-0.770818,1
-1.403664,0.124401,1
1.274712,1.39854,1
-0.232186,-0.652091,0
0.214184,-0.402351,0
-0.35268,-0.161211,0
-0.977097,1.434716,1
1.476411,-1.169365,1
0.299975,-0.632288,0
0.703649,-1.362457,1
0.589301,0.872777,0
-0.584698,0.484834,0
1.21679,-0.030418,1
-1.024745,1.371193,1
-0.0319,0.540897,0
-0.724912,-0.259449,0
-1.336686,0.135668,1
-0.8419,0.275708,0
-0.562043,-0.125882,0
-0.109439,-1.240524,1
0.957481,-1.452062,1
-0.370348,0.498833,0
-1.300311,-0.287355,1
-0.421967,-0.940047,1
1.253351,-0.307026,1
-0.156171,-1.012762,1
-1.346998,0.199338,1
0.755128,-0.177744,0
-1.495546,0.513128,1
-0.768264,0.152441,0
0.208258,0.953581,0
0.9793,1.195708,1
-0.417466,0.7392,0
0.746412,0.142311,0
0.56249,-0.547397,0
0.037313,0.316182,0
-1.482934,0.855437,1
1.155057,0.708264,1
-1.101687,-0.55096,1
0.507462,0.468069,0
0.39518,0.967801,0
-0.575024,-1.366445,1
-1.484272,0.596435,1
-0.730968,0.869486,0
1.455643,0.052604,1
0.612795,0.976463,0
-0.835034,-1.14148,1
-0.866054,0.781765,0
0.240402,0.709921,0
-0.370399,-0.919818,1
-0.701951,0.65738,0
1.050827,1.110837,1
0.624353,0.710253,0
-0.574655,-0.640342,1
0.542348,-0.547072,0
0.351486,-1.279773,1
-1.138076,0.267331,1
-0.085916,-0.152198,0
-0.480861,-0.830568,1
0.63991,0.929952,0
-1.159754,-0.310902,1
-0.713336,0.00772,0
1.277485,-0.56732,1
0.071122,-0.610232,0
0.347404,-1.4439,1
0.980188,-0.315799,1
1.22595,-0.687097,1
0.340512,0.567147,0
-0.375403,0.245163,0
-0.318613,0.320768,0
0.402408,-1.081128,1
-0.871244,0.856553,0
-1.057957,-0.514218,1
1.499313,1.092598,1
-0.868439,0.757962,0
0.299091,0.235214,0
-1.263456,0.821756,1
-0.789245,0.433326,0
-1.215508,-1.297336,1
0.453992,-1.15278,1
1.430521,-0.600379,1
0.123331,0.790445,0
-1.416355,0.080622,1
0.662997,1.302135,1
-1.490597,1.433338,1
-0.598288,-0.365389,0
0.15097,0.850879,0
-0.281614,0.619986,0
0.535589,1.482174,1
1.350004,0.564035,1
1.317073,-0.136131,1
-0.799219,-0.795935,1
0.01679,0.316066,0
1.453785,1.438055,1
1.118624,0.34806,0
1.336036,-1.147882,1
0.740124,0.17858,0
0.260874,0.693743,0
1.224345,0.593179,1
-0.340539,0.747916,0
-0.56875,1.248389,1
0.92972,-1.304589,1
0.632197,1.219815,0
-0.826887,0.073159,0
0.454168,0.518555,0
-1.422091,-0.966192,1
0.440833,0.395719,0
-0.47934,1.306026,1
-1.382526,1.070254,1
0.027813,1.138147,1
-0.235763,0.071318,0
-0.913489,-0.67648,1
0.044736,0.66491,0
0.969643,0.203472,0
0.409228,1.108212,0
-0.018305,-1.312124,1
-1.230927,0.968663,1
1.072133,1.246255,1
-1.330483,-0.440819,1
-0.559607,1.413267,1
1.125742,-0.299437,1
0.596409,1.381032,1
-0.631504,-0.661186,1
-0.787068,-0.073104,0
-0.166409,-1.341164,1
0.495689,-1.397878,1
-0.576197,-0.037438,0
-0.459416,0.235853,0
1.003712,0.990832,0
-0.543554,-0.836133,1
-0.777237,-0.10532,0
0.826665,0.598397,0
1.138027,-0.14889,1
-0.880577,-1.458964,1
0.260308,-0.78042,0
-0.663288,-1.152522,1
-0.649812,0.975706,0
0.592724,-1.440692,1
-1.368136,0.833096,1
0.551018,0.136244,0
-1.232481,-0.222343,1
-0.425826,0.505455,0
1.3778,1.05706,1
0.385613,0.97436,0
1.281665,1.479391,1
0.300125,0.090933,0
-1.409628,0.575937,1
0.42363,0.420737,0
1.071902,-1.399712,1
0.020911,-0.578856,0
-0.164199,0.127311,0
1.394893,1.126729,1
-0.019066,-1.281793,1
0.257584,-0.534614,0
-1.331643,0.067489,1
-0.824653,-0.201815,0
0.430844,1.273613,1
1.048689,0.84289,0
-1.370831,-1.372524,1
0.796166,0.005825,0
-0.636066,1.117469,0
-0.565236,-0.274827,0
-1.122061,-0.66837,1
-1.330089,0.788291,1
0.57011,-0.216247,0
1.271153,-0.819922,1
-0.46942,1.466995,1
0.674387,-0.716791,1
-1.00809,0.333959,0
1.421646,0.531058,1
-0.449162,-1.407538,1
0.091399,-0.127398,0
-0.071729,0.938499,0
-1.290325,-1.171346,1
0.174128,-1.379737,1
0.670146,0.771717,0
-1.477627,0.637342,1
-0.564667,-1.202719,1
-1.497494,-1.216699,1
-1.310922,-1.07351,1
-1.383994,0.325323,1
-1.389134,-1.421746,1
0.872117,1.324174,1
0.228263,0.535954,0
0.164584,-0.470278,0
-1.366278,1.021298,1
0.75497,-0.318475,0
-1.333971,-0.82911,1
-1.068019,0.368648,0
1.075743,-1.288654,1
1.286628,0.352153,1
1.195155,-1.070886,1
-0.479175,-1.076018,1
1.364525,0.355859,1
0.656686,-0.588412,1
-1.488085,1.200775,1
-1.373463,0.49669,1
1.168835,-1.117068,1
-0.861752,1.476338,1
0.769186,0.320566,0
0.393244,0.77419,0
1.491024,1.064147,1
-0.690463,1.361106,1
-0.754259,0.520064,0
0.537719,-1.354154,1
0.843722,0.485718,0
-0.375592,1.188103,0
1.034398,0.970874,1
0.204102,1.418864,1
-0.503364,-1.092509,1
-0.920571,-1.207003,1
-1.235061,-1.434399,1
0.519491,-1.007386,1
-0.810919,-0.502054,1
0.452555,0.192372,0
-0.932635,-0.886242,1
0.998518,-1.377727,1
0.679601,1.280733,1
-0.443178,-0.367864,0
0.394122,-0.598709,0
-0.261549,-0.203394,0
-1.45389,-0.163156,1
-0.183939,1.385592,1
0.950618,-0.259201,1
-0.532228,1.23018,0
1.498532,-0.006315,1
-1.353261,0.798502,1
-1.255462,0.509673,1
0.753632,1.361782,1
1.353163,0.892085,1
-1.187266,-0.976393,1
-1.488485,0.910469,1
1.080747,0.006572,1
0.092066,0.59004,0
-0.511606,0.090079,0
-1.059672,0.518279,0
-1.02186,0.072416,0
0.637799,-0.529756,1
0.337491,-0.377964,0
0.592329,-0.762925,1
0.962028,-1.471338,1
-1.483363,0.573703,1
1.365545,0.25486,1
0.89591,1.43498,1
-0.094506,-0.182482,0
0.224618,0.162711,0
0.742219,0.036963,0
1.07235,1.213028,1
-0.402351,-0.495474,0
0.151607,-0.371118,0
-0.036111,-0.591845,0
0.516034,0.517566,0
-1.095739,0.662803,0
0.041511,-0.021699,0
0.50575,1.145177,0
-0.994628,0.285214,0
-0.026839,1.212659,1
-1.344795,0.862443,1
-1.055032,0.514099,0
0.300825,-0.199484,0
0.334857,0.734054,0
1.197693,-0.508472,1
1.274156,-0.635353,1
0.889677,0.368959,0
-0.774167,-1.026804,1
0.986845,1.475199,1
-1.094425,-0.578505,1
-0.838163,0.030524,0
0.408322,-0.014239,0
-1.01816,-0.453313,1
-0.277196,1.093198,0
0.547032,1.056822,0
0.767917,0.409838,0
-0.697592,-1.399986,1
-0.929109,-0.766358,1
-0.717838,-0.278475,0
0.936422,0.269066,0
-1.03039,-0.999082,1
-0.377345,-0.623358,0
0.137527,-0.674107,0
1.030676,-1.400128,1
1.050875,-1.225654,1
0.945465,-0.306393,1
-0.326051,0.860909,0
1.286382,0.383881,1
1.348878,-0.88536,1
1.026557,-1.282991,1
1.226711,0.967022,1
1.452417,-0.913609,1
0.418615,-0.315179,0
-0.608461,1.131665,0
-0.384538,0.543496,0
0.984642,1.176397,1
-0.217922,0.306346,0
0.300534,0.254057,0
-0.957394,1.031666,0
-0.861384,1.145494,1
0.47635,-0.906455,1
0.188992,0.315906,0
0.829142,0.514655,0
0.744402,0.143378,0
-1.475202,0.422539,1
0.738701,-1.436583,1
-0.722755,1.014879,0
0.953627,1.31629,1
0.425983,1.338794,1
-0.629592,0.042767,0
-0.87173,-1.480909,1
-1.236163,0.915078,1
-0.833956,-0.907498,1
0.216405,0.335868,0
1.010377,1.44296,1
-0.905618,0.45613,0
1.074616,-0.218646,1
-1.231109,0.48576,1
0.437304,-0.889416,1
0.66156,1.158679,0
1.369552,-1.015883,1
-0.357897,-1.280589,1
1.380643,1.183104,1
-0.405751,1.080736,0
1.426876,-0.266845,1
-0.815437,0.655143,0
1.436443,1.040516,1
0.645605,0.637735,0
-0.701863,0.970768,0
0.969163,1.422142,1
1.327794,-0.285563,1
0.6585,-0.762305,1
1.110618,-0.962745,1
-0.707081,-0.009768,0
-1.121625,0.860937,1
-0.946619,-0.66725,1
0.890545,1.489269,1
0.039679,-1.31876,1
-1.494393,-0.959082,1
0.358612,-0.109169,0
0.668614,1.266042,1
0.595793,0.263171,0
-0.831161,0.227018,0
0.917432,-1.271221,1
0.24542,0.689985,0
-0.086312,0.411339,0
1.354212,-0.67649,1
0.305713,1.347168,1
0.064572,-0.764371,0
-0.58896,0.932498,0
0.761697,-0.199153,0
0.982972,-1.358669,1
0.869907,1.035199,0
-1.334486,0.406142,1
-0.179535,1.055297,0
-0.491183,-0.729706,1
-0.278537,-1.304444,1
1.336252,0.621944,1
-1.341465,-0.289359,1
0.524172,0.635486,0
1.002993,0.090684,0
1.102717,-0.486965,1
0.003041,0.264412,0
0.759842,-0.664912,1
0.095607,1.460162,1
-0.286988,1.379033,1
1.371398,0.526209,1
-0.212348,-1.270245,1
0.229828,0.622187,0
0.929649,1.440797,1
0.784593,-0.427555,1
-1.473025,-0.951174,1
0.757483,0.28035,0
1.194081,-1.242466,1
0.773245,0.461664,0
1.017071,-0.256086,1
0.673798,0.138283,0
-0.832451,-0.09136,0
-0.614019,0.485984,0
-0.54173,1.390946,1
1.181036,-0.151731,1
0.803635,0.276431,0
-0.853866,1.189333,1
0.236934,0.22296,0
-1.255435,-0.906425,1
1.459264,1.097427,1
0.987366,-0.3293,1
1.054575,-1.183986,1
1.186845,-0.891745,1
0.829563,0.898948,0
0.236532,-0.241737,0
0.223396,0.424466,0
-0.88046,-0.336141,1
-0.292056,-0.805786,1
-0.678037,-1.070065,1
1.109258,1.451781,1
0.403487,0.257923,0
0.115717,-1.317394,1
0.059561,-0.50567,0
0.556983,1.151095,0
-0.208569,-0.987846,1
0.777903,-0.28138,0
0.402318,-1.4537,1
0.710136,1.143711,0
1.248273,1.49913,1
0.866616,0.884122,0
1.213136,1.212089,1
-0.450524,0.083272,0
1.106664,0.446634,0
-0.090865,0.002951,0
-0.630457,-1.161823,1
-0.924641,1.477087,1
1.462466,1.119797,1
0.095771,-0.278863,0
1.083022,-1.354029,1
-1.214143,-1.052544,1
-0.557036,-0.573915,1
1.388619,-1.158943,1
-0.870786,-1.117671,1
-1.340619,0.600702,1
-0.035564,-0.360304,0
-1.236761,0.570646,1
0.152843,-0.665792,0
-0.272735,-0.827966,1
-0.940121,0.182396,0
0.732616,0.590674,0
-0.972512,-0.032865,0
0.564289,1.288007,1
1.14174,-1.023215,1
-0.941564,-0.382247,1
1.491094,-0.381924,1
-1.228807,0.574418,1
1.14032,-1.207453,1
-0.020607,0.842355,0
-1.065718,0.206724,0
-0.186018,1.012804,0
-0.945337,0.769705,0
0.994501,-0.263684,1
1.336394,-0.049355,1
0.054193,-0.903951,0
1.183442,-0.703716,1
1.36658,0.187224,1
-1.131046,1.410046,1
0.232136,0.408311,0
0.0076,1.196341,1
0.239055,0.667777,0
-0.673617,0.420863,0
1.049588,1.147503,1
-1.015421,-1.155337,1
1.073812,0.31872,0
1.455594,1.09884,1
-0.143302,1.156427,1
0.123206,1.020987,0
-0.916899,-0.739539,1
-1.415887,-0.486293,1
-1.108445,0.454496,0
0.969915,-1.213318,1
0.524998,0.360905,0
0.131891,0.016358,0
0.783862,0.957587,0
-1.337215,-1.356044,1
0.984009,-0.905052,1
-1.099009,1.497524,1
1.282349,0.142967,1
-0.108073,-0.534672,0
-0.592055,-0.895134,1
0.023238,1.001645,0
-0.72551,1.181524,0
-0.282265,0.935896,0
-0.533207,-1.247364,1
1.061666,1.465906,1
-1.377383,-0.548812,1
1.011679,-0.143197,1
0.742234,0.293135,0
0.94104,-1.143131,1
-0.868307,0.047591,0
-0.684308,0.759739,0
0.560073,-0.386591,0
-0.741853,0.291665,0
-0.669953,1.353102,1
0.201986,-1.155576,1
0.151613,-0.150258,0
-0.409415,-1.401272,1
-1.364159,-1.122342,1
0.847366,0.094075,0
-0.776417,-0.474214,1
-0.206874,-0.367476,0
0.274632,1.01058,0
0.493432,0.628751,0
-1.193824,0.301546,1
0.510609,-0.528906,0
0.806968,-0.75096,1
1.441575,-1.129785,1
-0.387231,1.120148,0
-1.473655,1.28893,1
0.186803,0.942695,0
1.413834,-0.968545,1
0.43142,0.928616,0
0.292206,-0.896751,1
0.866429,1.36699,1
1.319253,-0.744724,1
1.079083,0.056366,1
1.259212,-0.888529,1
1.453369,-1.023977,1
0.419368,0.722968,0
1.09435,-0.525924,1
-0.314003,0.112013,0
-0.849329,-0.180768,0
0.436444,1.212089,0
-0.443717,0.523422,0
-0.34754,1.183411,0
0.860736,-1.28098,1
-0.76255,-0.913755,1
0.240904,0.274046,0
0.787627,-1.234597,1
0.314412,0.922359,0
-1.404778,-0.232848,1
-0.390777,-0.071162,0
-0.381653,-1.008974,1
0.807216,-1.060184,1
-1.291389,-1.458406,1
-0.527709,-0.83047,1
0.497511,1.081034,0
0.373862,-0.230906,0
-1.385227,-1.250026,1
1.384363,0.465439,1
-0.148411,0.641243,0
-0.381323,-0.478442,0
-0.10013,-0.917734,1
-0.829326,-0.907707,1
0.797151,-1.237271,1
-0.023621,-1.37594,1
-1.145595,-0.253012,1
-0.640327,0.192405,0
-0.296103,0.005064,0
-0.313816,1.427016,1
-0.908216,-0.326442,1
0.673041,1.127788,0
1.494689,-0.406333,1
-0.925824,1.276834,1
0.558924,-0.713484,1
0.401523,0.759621,0
1.486614,0.876211,1
0.507409,1.024412,0
-1.415887,-1.202282,1
-0.571358,-1.018939,1
1.012121,0.523628,0
-1.449307,-0.503369,1
1.042,1.410472,1
0.525442,-0.788382,1
0.684934,-0.520055,1
0.516714,-0.075218,0
0.074129,1.420098,1
0.235213,-1.242627,1
-1.113507,-0.743712,1
1.256114,-1.166911,1
-0.67089,0.139005,0
-0.616102,-0.662989,1
0.693705,-1.052306,1
-0.229421,-1.014493,1
-1.329598,1.433333,1
0.689024,1.364656,1
1.418547,-0.174126,1
0.115249,0.403801,0
-0.375092,-0.814994,1
1.386279,1.247054,1
-1.118789,-0.065534,1
0.366005,-0.516887,0
-1.449907,1.029418,1
-1.11026,-1.286882,1
-0.574614,-1.397598,1
-1.155869,-0.305796,1
1.366541,0.758013,1
1.17265,-0.257133,1
0.050695,-0.982508,1
-0.024146,-1.425077,1
0.776229,1.063631,0
-1.349742,-0.969825,1
-1.180413,0.093348,1
0.484837,-0.041562,0
-0.973006,-1.043541,1
0.309633,0.625774,0
1.136212,0.810466,1
1.327637,0.660098,1
1.379716,-0.059948,1
-0.43445,-0.539001,0
1.414889,0.71001,1
0.063956,1.235134,1
-0.137953,1.302817,1
0.560995,-0.61874,1
0.151081,-0.577068,0
0.573591,-0.653772,1
-0.185724,-0.47113,0
0.772093,-0.570101,1
-0.256607,-1.207468,1
0.138869,0.634128,0
0.273245,-1.482241,1
0.441223,-0.831412,1
0.091076,0.500298,0
0.214389,-0.597696,0
0.378825,-1.093292,1
1.054156,-1.39844,1
-0.427949,-0.072514,0
0.118161,-0.638018,0
-0.231326,-0.156972,0
-1.121637,0.919116,1
-1.031698,1.35895,1
-1.012672,0.080169,0
0.075915,0.744497,0
-0.754119,-1.095605,1
0.509883,0.406217,0
-0.020999,0.850033,0
-0.10039,-0.464862,0
0.966016,-1.129302,1
0.678575,-0.438101,0
0.930549,0.218938,0
0.49298,-0.886997,1
0.890111,1.361965,1
0.799164,-1.353469,1
-0.428793,-0.039459,0
0.307208,1.195532,0
1.012943,1.067639,1
-1.357503,-0.941116,1
-0.455766,-0.099308,0
0.75808,-1.156609,1
1.007943,0.975076,0
-0.673211,0.702994,0
-0.530926,0.628289,0
0.01382,0.352087,0
1.285402,-0.216656,1
-0.54514,0.849787,0
1.165676,-1.441928,1
0.085515,-0.450322,0
0.481865,1.124354,0
-0.96179,-0.91384,1
-0.124988,-1.244693,1
0.675846,-0.717735,1
0.527146,0.448789,0
0.535238,-0.088082,0
-0.618101,0.69647,0
-0.058843,1.058235,0
-0.112343,-0.225907,0
0.870245,-1.293738,1
1.227796,1.350663,1
-1.182211,-0.53822,1
-1.117283,0.865374,1
1.428652,0.571817,1
1.304907,-1.244529,1
-0.138095,-1.014616,1
1.366946,0.773547,1
0.052791,1.161416,1
-0.424968,-0.600506,0
0.954209,-1.36552,1
1.105964,0.53809,0
1.053306,1.254516,1
-1.168688,-0.574352,1
-0.715603,-0.277601,0
-0.800811,0.410835,0
-1.2192,-0.30363,1
-0.627783,0.541771,0
0.032162,0.242198,0
0.520941,-0.054656,0
1.408446,0.511087,1
-1.376354,1.181827,1
-0.11001,-0.397174,0
-0.408293,-1.189116,1
-1.446365,-0.084464,1
-0.785421,-0.575539,1
0.240706,0.032451,0
0.976454,-0.945914,1
-0.853883,-0.237492,0
0.805173,-0.935775,1
1.257297,-0.335466,1
-1.457991,0.724875,1
1.433487,-0.561537,1
-0.602796,0.847403,0
-0.691107,0.4452,0
0.073553,-0.662857,0
-1.369414,-0.577881,1
1.294507,-1.262335,1
1.488517,1.073364,1
-0.767608,0.584868,0
-0.333861,0.173804,0
0.311316,1.401575,1
-0.485912,-1.383163,1
1.401193,-0.611177,1
1.482204,-1.486227,1
-0.862497,1.189426,1
-1.133419,1.496618,1
0.807393,1.11818,0
0.61987,0.926712,0
1.282721,0.297473,1
-0.229452,-1.423335,1
0.38115,0.164922,0
0.690938,0.460062,0
0.676167,-1.087383,1
-0.50097,1.120199,0
1.351193,-0.161548,1
0.557719,0.610598,0
-0.506069,-1.298433,1
-0.785187,0.732433,0
0.740022,-0.376061,0
-1.490255,-0.36992,1
0.403457,0.276227,0
0.15396,-0.07403,0
-0.97121,1.422288,1
0.547583,-1.094928,1
0.416962,-0.478552,0
-1.153246,-1.081741,1
1.271246,-1.182409,1
0.331988,1.499384,1
0.453617,0.686018,0
1.160018,-0.864385,1
-1.143769,-1.283198,1
0.603806,-0.728125,1
-1.045722,0.910656,0
-0.306194,-0.361598,0
-0.314298,-1.31507,1
0.734082,0.921265,0
-1.027175,-0.606691,1
-1.183893,-1.137792,1
-1.349879,-0.60585,1
0.627407,0.551838,0
1.484283,-0.12906,1
0.231748,-0.869714,1
-0.806694,-0.452176,1
0.02052,1.473733,1
-0.155564,0.629833,0
-0.27878,-0.313151,0
0.654856,1.165856,0
0.558052,0.735396,0
-1.429965,1.415465,1
-0.801518,-0.849965,1
0.225475,1.090064,0
-0.357548,0.435262,0
-1.361193,0.449302,1
-0.952627,-1.467539,1
0.862768,-0.856487,1
0.813046,-0.000429,0
0.97419,0.044149,0
-0.578595,-0.86081,1
-0.096036,1.499442,1
0.916299,1.044837,0
-0.303961,0.777741,0
-0.990108,-0.023176,1
-0.954961,1.033802,0
-1.046988,-0.952325,1
-0.788065,0.551416,0
-1.442423,-0.750759,1
0.676464,-0.781258,1
0.483196,1.134299,0
1.197596,1.393298,1
-0.803962,0.43373,0
-0.444778,-0.971851,1
-1.049446,-0.319235,1
0.289757,-0.038011,0
0.947152,-0.462253,1
0.929231,-1.383042,1
-0.053281,0.276091,0
0.648977,-1.365192,1
-1.120186,-1.396446,1
-1.322405,0.018837,1
1.044275,0.058025,1
0.466811,1.45504,1
-1.24933,1.149064,1
-0.502305,-1.304603,1
0.8142,-1.42709,1
1.474291,-0.464019,1
1.37837,1.466929,1
0.257735,-0.584606,0
-0.730912,0.853574,0
-0.648498,1.065065,0
0.662801,0.621866,0
-0.894575,0.540942,0
1.272757,0.858755,1
-0.254515,-1.326615,1
-1.317845,0.468967,1
-0.522247,-0.543487,0
-1.146898,0.866878,1
0.5221,-1.21489,1
-0.498109,-0.540558,0
-0.382144,-0.734477,1
0.420595,0.181982,0
1.043141,0.588564,0
0.53264,0.359083,0
-0.718879,-1.44949,1
-0.370017,0.925481,0
-0.537769,-0.446145,0
-0.810732,-1.182973,1
0.721384,0.754225,0
0.042959,-1.103975,1
-0.579989,0.393305,0
1.185553,1.411729,1
-0.344534,1.463244,1
0.687464,0.77374,0
1.130805,-1.437392,1
-0.438757,0.492844,0
0.970397,0.525405,0
-0.296628,0.174578,0
0.537287,-0.39512,0
-0.136847,-1.416216,1
0.033985,1.210217,1
-1.185794,1.172419,1
-0.978599,0.723739,0
-0.640249,-1.153867,1
0.228319,-0.66377,0
0.586082,-0.902666,1
0.502605,-1.226393,1
0.594449,-1.171622,1
-0.827302,-1.07105,1
-0.022444,1.2418,1
0.391556,1.189841,0
-1.370285,-0.387081,1
1.420145,-0.863642,1
0.347693,-0.122424,0
-1.135491,-0.402212,1
0.456721,-1.217881,1
1.168844,-0.039748,1
1.495581,-0.712392,1
1.46557,-0.410142,1
-0.657544,-0.882694,1
0.088154,-0.674748,0
-1.112332,-1.126833,1
-0.74085,-0.825673,1
-0.659075,0.616973,0
0.33661,1.280401,1
-0.589309,0.482709,0
0.962992,-0.841071,1
0.894399,-0.210912,1
-0.159329,-1.475908,1
-0.825279,0.434975,0
-1.170922,0.758443,1
0.715552,-0.012458,0
-1.46803,1.440347,1
0.665471,0.905391,0
-1.484277,-0.116764,1
-0.50177,0.522429,0
-0.581491,0.67701,0
1.488182,-0.981736,1
1.458611,-1.370719,1
0.281388,0.350797,0
0.448726,-0.483545,0
0.888303,0.480572,0
-0.468945,0.98414,0
1.058448,-1.466717,1
0.019798,-0.505183,0
-1.28763,0.177285,1
0.231742,-1.283589,1
0.447361,-0.667099,1
1.318951,1.480845,1
-1.425365,0.903429,1
-0.782706,-1.264958,1
1.424434,0.732921,1
0.318568,0.29639,0
-0.484071,0.834038,0
-1.19113,0.320022,1
-1.376399,0.543423,1
0.945312,-0.228508,1
1.460956,1.065179,1
-1.191633,-0.100005,1
-0.719169,0.196638,0
0.397328,-1.284248,1
0.351652,-0.805523,1
-1.320644,-0.086469,1
0.303116,-1.125931,1
0.85376,1.313528,1
-0.744448,0.955422,0
0.163505,-0.619504,0
0.035552,-0.582134,0
-0.289655,0.568851,0
0.633213,0.478965,0
-0.29451,0.216054,0
-0.537471,1.060192,0
0.650155,0.041124,0
0.9715,0.909826,0
-1.138472,1.248213,1
-0.740684,0.295134,0
-1.061268,0.8647,0
-0.033266,0.514051,0
-0.566554,-0.515442,0
-0.48867,1.467125,1
1.484157,-0.425285,1
0.625858,-0.353578,0
0.616393,-1.418449,1
0.534862,0.050878,0
-0.129168,0.614869,0
0.765377,-0.928117,1
0.457856,1.219689,0
1.225195,1.248561,1
1.174133,0.969644,1
-0.046207,-0.014098,0
1.238055,1.098682,1
-1.083754,0.316996,0
-0.8529,0.125662,0
1.031688,0.781379,0
0.261112,0.990878,0
1.040455,0.062707,1
-0.514852,-1.362833,1
-1.030944,0.853205,0
-0.345109,1.163716,0
0.416386,-1.323341,1
0.288411,-0.032521,0
-0.731691,-0.146698,0
1.476414,1.399484,1
0.504693,-1.283416,1
0.997743,-1.282102,1
-1.34648,0.757652,1
0.06151,-0.45904,0
1.14297,-0.239223,1
-0.011758,-1.162271,1
0.843243,-1.395487,1
-0.319267,0.201906,0
0.676777,-0.567618,1
1.448117,-1.019589,1
1.426117,0.947959,1
1.331604,-0.05283,1
-0.1619,0.05696,0
-0.473486,-0.325073,0
-0.999785,-0.72334,1
1.077089,-1.14033,1
-0.94352,-1.462731,1
0.583392,-0.455468,0
0.84225,0.460181,0
-1.329203,-0.047892,1
0.995812,-0.239876,1
-1.248796,1.32898,1
-0.461601,-1.227418,1
0.750339,-1.181786,1
-1.105611,1.331251,1
0.717318,-1.285218,1
0.018495,1.199233,1
0.493247,-0.78088,1
0.284181,0.810198,0
0.428892,1.357433,1
-0.53653,1.156727,0
-1.339935,-0.77459,1
1.337114,-0.985147,1
-1.004182,-0.645224,1
-0.345568,1.386221,1
-0.179941,-1.14271,1
-0.451986,-1.383145,1
0.863146,0.046766,0
0.190558,-0.976256,1
-1.378633,-0.006441,1
-1.163667,1.236892,1
-0.697061,-1.292105,1
0.209462,-0.467265,0
-0.782399,0.986033,0
-1.243924,-0.89723,1
-0.173013,1.225858,1
1.434322,-1.312175,1
-0.040399,0.1202,0
0.205368,0.358443,0
-0.232877,-1.380345,1
0.559929,-1.031732,1
-1.294763,-0.876929,1
0.156552,0.55296,0
-0.091793,0.276312,0
1.101094,0.77471,0
1.171285,0.812138,1
0.927997,0.82285,0
1.263117,-0.463402,1
-0.405368,0.190345,0
1.285919,0.988249,1
-1.215594,-0.825531,1
-0.408058,-1.356874,1
0.427148,1.246453,1
-0.888838,-1.005439,1
1.175411,-1.099774,1
-0.464296,-0.661083,1
0.025704,-1.189457,1
0.925045,0.262447,0
0.129404,-0.347357,0
0.913797,0.45813,0
-1.286737,-1.122122,1
-1.251034,-0.016883,1
-1.307869,-1.193411,1
0.893238,0.665055,0
0.335551,0.701793,0
-1.075856,0.622443,0
1.348072,-1.46638,1
0.7148,-0.01069,0
-0.412639,1.408194,1
-0.560511,0.672781,0
0.413507,-1.05168,1
-1.225139,0.025147,1
-0.436524,-0.776065,1
-0.13135,1.270038,1
0.635304,1.103545,0
-0.214814,0.778527,0
-0.716679,-0.437523,1
-0.12698,-0.442335,0
-0.861846,-1.063985,1
-0.600771,0.296469,0
0.076518,0.814647,0
1.227272,-0.189252,1
-0.805201,0.445565,0
-0.843953,1.155263,1
-0.156348,-0.519998,0
-1.288282,0.652545,1
0.786886,1.417284,1
1.325725,-0.979749,1
0.532887,1.47655,1
0.206445,-0.571893,0
-0.918488,-0.947527,1
-1.240092,0.816161,1
0.831138,0.528205,0
0.960552,-0.683976,1
0.207119,0.741089,0
0.894953,-1.190893,1
-1.33364,0.279324,1
-0.897253,-1.279631,1
0.88211,-0.484511,1
0.091873,0.963634,0
0.136944,-0.856344,0
1.267676,0.129761,1
-1.32621,-0.343647,1
-0.818885,-0.073869,0
-1.059446,-0.658822,1
-0.687573,-0.021397,0
-0.584116,-1.464185,1
-0.410234,-0.365071,0
0.687886,0.701777,0
0.50534,-0.324724,0
1.200928,-1.060463,1
-0.273945,1.224488,1
1.06032,-1.027921,1
0.218164,0.318633,0
1.258854,0.693207,1
1.231958,-0.990064,1
0.121827,0.386387,0
-0.520714,0.678031,0
0.728071,-0.99618,1
-0.71765,-0.92622,1
-0.73694,0.287924,0
-0.918731,0.878712,0
1.121243,-0.523336,1
0.913061,-1.314668,1
0.620615,1.14232,0
0.373731,0.769192,0
-0.690139,0.579738,0
0.169034,-0.556384,0
-0.141566,0.939044,0
0.602428,-0.976512,1
-0.684088,-1.377046,1
0.302567,-1.084586,1
-1.31276,-0.161044,1
-0.515095,-1.092988,1
-1.464111,-0.821334,1
0.899109,0.154855,0
0.918451,0.183891,0
-0.555901,1.283862,1
-0.870237,-0.127436,0
0.554985,0.98752,0
0.580343,0.705944,0
-0.525933,0.823957,0
-0.491593,1.254277,1
-0.444614,-0.013988,0
-0.423158,0.82638,0
0.15851,0.259505,0
0.701499,-0.53583,1
0.263026,-1.47978,1
0.251918,-0.172755,0
-0.214857,-0.619907,0
-0.196764,-0.799967,0
0.580562,0.538773,0
-0.056662,-0.35339,0
0.186704,0.279058,0
-0.190095,-0.608185,0
0.598875,-1.095565,1
1.25983,-0.732892,1
-1.066828,-0.955292,1
-1.063874,0.065336,1
-0.130754,-0.584222,0
0.228346,-0.382137,0
-1.019999,-0.479667,1
-0.859894,-0.702449,1
-0.442397,1.205506,0
1.172758,-0.654879,1
0.333276,0.348105,0
-1.364173,0.319262,1
-1.280796,0.239785,1
0.013901,-0.147159,0
0.764828,0.748346,0
-1.082493,-1.09651,1
-0.196557,0.243285,0
0.730747,0.151407,0
1.426603,0.935853,1
0.6962,-0.187664,0
0.304004,0.656152,0
1.378027,1.133439,1
-0.962716,0.056323,0
1.309007,-0.251567,1
0.529847,0.317572,0
1.163168,-1.336212,1
-1.121394,1.467235,1
-0.471627,-0.322489,0
-0.002166,0.190796,0
1.094198,-0.104576,1
-0.346549,0.425131,0
1.319161,0.657735,1
-0.00826,1.071345,1
-0.414669,0.711128,0
-0.7342,0.874111,0
-0.748851,0.168657,0
0.434325,-0.944274,1
-0.552889,-0.610877,1
1.394917,-0.88393,1
-1.159087,1.174928,1
-1.148697,0.463896,1
0.088059,-1.207998,1
-0.046555,-0.487979,0
-0.134896,1.273184,1
-1.173192,0.536437,1
-0.635677,1.453202,1
0.322347,0.556873,0
1.065077,-0.555556,1
0.083902,-0.601049,0
0.02564,0.032075,0
-0.774501,-1.065981,1
-0.378984,1.452832,1
-0.609048,-0.090258,0
1.450562,-1.276469,1
-0.312904,-0.753277,1
0.514728,1.002155,0
-0.945018,-0.480348,1
-0.899673,0.374971,0
0.441033,0.18191,0
-0.198645,0.391053,0
-1.265704,1.014099,1
0.098591,0.818087,0
0.046292,0.997654,0
0.448535,1.025013,0
-0.935015,0.49051,0
-0.562031,-0.095686,0
-1.436305,0.160554,1
-1.272587,-0.534396,1
0.852556,0.078269,0
0.952597,-0.058971,0
0.666509,1.355539,1
1.40235,-0.812571,1
1.234001,-0.860864,1
-0.878043,1.399321,1
0.593389,0.990511,0
-0.508993,-0.101339,0
-1.027159,0.801472,0
0.111011,1.410322,1
-0.966715,0.982377,0
-1.164255,0.913589,1
1.23169,0.427,1
-1.408153,1.061336,1
1.002899,0.867795,0
1.097171,1.309896,1
-0.715157,-0.077775,0
0.592993,1.068415,0
-0.634449,1.156993,0
0.383231,-1.14807,1
0.941792,-1.21371,1
-1.198289,-0.646786,1
-0.071046,0.759046,0
-1.029938,-1.038558,1
0.128044,0.848098,0
-1.337835,-0.681186,1
-0.736859,0.536558,0
1.416036,-0.483024,1
-1.491724,-0.849477,1
-1.225164,-0.962918,1
0.451315,0.75387,0
1.079958,0.319705,0
-1.0774,-1.028903,1
-0.428351,0.380994,0
-0.601329,-0.477942,0
0.641034,-0.837944,1
-1.248737,-0.706673,1
-1.069592,0.180595,0
-0.539053,-0.064587,0
0.212277,-1.080518,1
0.15745,0.568412,0
-1.28492,0.838032,1
0.27455,1.4799,1
-0.900348,0.210998,0
-1.041271,-0.227883,1
0.46722,0.906675,0
0.822329,0.900798,0
1.414952,0.406998,1
-0.093198,-1.027707,1
0.557489,-0.853906,1
0.2154,0.746049,0
0.143166,-0.961046,1
1.495846,-1.30403,1
-0.772609,1.151632,0
0.30244,-0.892642,1
-0.476929,0.972437,0
0.138222,0.06522,0
0.963721,0.28002,0
0.228146,1.106934,0
-1.271066,-0.61387,1
-0.181603,-1.146666,1
0.452962,1.082187,0
-0.137335,1.271319,1
-0.301421,-0.34417,0
-1.471892,1.136331,1
0.992622,1.294744,1
0.103653,0.986841,0
-0.674847,0.779378,0
-0.663658,1.254669,1
-0.793195,1.127609,0
1.305803,1.258836,1
-0.18325,0.741024,0
1.00266,0.203168,0
0.467219,0.740765,0
-0.861985,-1.090017,1
1.282579,0.268054,1
-1.309518,-1.47292,1
-0.042791,-0.621261,0
-1.136089,-1.177819,1
1.086229,-0.260963,1
1.252932,-1.292487,1
1.19906,-1.451739,1
0.976038,-1.349272,1
0.62552,0.62212,0
0.126146,-1.497809,1
0.069676,-0.553918,0
1.296309,-0.044167,1
-1.445053,0.248528,1
0.647621,0.614724,0
1.068746,-0.738896,1
0.008549,-0.441749,0
-0.244451,-1.227159,1
-0.644888,1.12352,0
-0.808952,-0.65866,1
-1.362527,1.237696,1
-0.708837,0.893113,0
0.549888,1.053897,0
1.415425,0.302504,1
0.399534,-0.985223,1
1.479337,-1.030145,1
-1.15557,1.326254,1
0.971823,1.226804,1
-0.911124,1.129585,1
0.212313,-0.295693,0
-1.154251,-0.260142,1
1.314749,-0.691062,1
-1.070519,-0.781726,1
-0.236784,0.27603,0
0.343472,1.099944,0
1.187131,1.029776,1
-0.797685,-1.236528,1
-0.359237,0.376108,0
-1.494591,0.531214,1
-1.380537,-0.955623,1
-1.346147,1.391667,1
0.004255,-0.37667,0
0.703196,1.249926,1
-0.220316,-1.227052,1
0.587074,1.347029,1
0.79847,0.169739,0
-0.9514,-1.146022,1
0.69647,-1.293482,1
0.069418,0.292752,0
1.345456,-0.569791,1
1.176081,-1.084343,1
1.193574,1.196415,1
