x1,x2
-0.257054,0.078034
0.413775,0.682264
-1.314939,1.046564
1.220088,0.771365
-0.463453,-0.676564
-0.098112,1.071715
1.22731,-1.122478
0.765935,-1.113343
1.393368,-0.236377
0.15723,1.08758
-0.716196,-1.096125
-0.818925,0.896253
-0.295448,1.398856
0.547583,-1.094928
1.210631,1.410298
0.383665,-1.345742
0.850102,-0.134503
1.383015,-0.142093
-0.988103,-0.421304
1.462166,1.165714
0.614518,0.039867
0.328034,0.235792
1.286382,0.383881
0.03404,-1.409021
-0.337468,-0.131171
0.09925,1.165741
-0.421967,-0.940047
0.899109,0.154855
0.671895,-0.355445
-0.723641,-1.448069
1.487953,-0.057427
0.997743,-1.282102
0.27073,1.181755
0.190558,-0.976256
0.980501,0.478148
0.536118,-1.09715
-0.318613,0.320768
-0.864969,-0.66418
0.430844,1.273613
-0.74085,-0.825673
-0.736418,-0.370481
-0.634558,0.669434
-0.901785,0.755227
-0.495448,-0.884784
1.315129,1.006505
-0.601456,-0.985207
-0.708837,0.893113
-0.978164,0.957317
-0.76845,0.200058
1.031154,-0.909376
0.385261,-0.753503
-0.510878,-0.753934
0.305156,-0.511959
-0.113386,-0.438512
-1.212169,-1.415086
-1.091304,0.730042
-1.054965,-0.817743
-0.168198,-1.218692
0.331628,0.020567
0.684929,-0.477959
0.232136,0.408311
0.946112,-0.962049
0.542747,-0.315392
-1.276587,0.438859
0.295473,-0.36928
0.331363,1.469415
-0.904265,-1.325474
-0.911604,-0.262128
0.691352,0.379164
0.373127,1.07916
-0.318799,-0.346127
1.155236,-1.217919
0.894953,-1.190893
-0.608225,-0.202583
-1.159754,-0.310902
0.074872,0.164721
-0.13135,1.270038
-1.361443,0.412485
0.794982,0.598928
-0.559607,1.413267
-0.612786,0.343504
-0.928535,0.727924
-0.938841,1.074118
-0.483742,0.514387
-0.859894,-0.702449
-0.587008,0.295545
1.127628,0.670213
0.34005,1.379163
-1.367147,1.417492
-0.842373,-0.113961
0.30144,0.749011
-1.435647,-0.37798
-0.684308,0.759739
-0.957394,1.031666
-1.434443,1.298552
-0.034211,-0.925809
-1.294763,-0.876929
0.035663,-0.476142
0.212803,-1.345938
1.40327,-0.921535
-0.687219,-0.285732
0.259853,0.287313
0.833897,-1.413224
-0.785795,-0.27973
0.757013,-1.213394
0.736636,-0.568269
0.915697,0.81046
0.924226,1.277236
0.155812,-0.162151
1.212103,-0.461201
-0.877884,-0.612386
-0.344122,-0.043416
0.007935,-0.464052
-0.014667,-0.710047
-0.687573,-0.021397
-0.853883,-0.237492
-1.208335,-0.541924
-0.560511,0.672781
0.790112,-1.191159
0.096927,-0.62265
1.149676,-0.109819
1.068746,-0.738896
1.381926,0.104159
-0.083467,0.661084
0.660669,0.62972
-1.093091,0.557516
-1.444758,-0.389093
0.563099,0.324926
0.879631,-0.026086
0.181513,0.071434
0.262853,-1.193734
0.232089,-0.613594
-1.288881,0.979832
-0.758585,-0.917213
0.601044,-0.547469
0.174128,-1.379737
0.750578,1.324283
-1.244538,0.076306
0.19035,-1.213882
-0.699931,1.25831
0.772093,-0.570101
0.538999,-0.645746
-0.384126,1.052808
-1.499224,-0.517983
-0.616102,-0.662989
0.598535,1.311451
0.181604,1.066743
1.31401,-0.737028
-0.954961,1.033802
1.200928,-1.060463
-1.2138,0.329041
1.496543,0.157104
-0.899673,0.374971
-0.406941,0.8655
0.5221,-1.21489
0.761697,-0.199153
-0.368553,1.264488
-1.032805,1.46079
-0.27878,-0.313151
1.03501,0.348742
-0.662125,-0.702119
0.799842,-0.912032
0.296055,1.001742
0.855846,0.642524
-1.164325,-0.851907
-1.043185,0.330592
-0.269341,1.304397
0.954837,1.134316
-1.480585,1.096019
1.251708,1.250163
0.335409,1.434227
-1.323007,0.101165
0.937223,1.394816
0.861161,1.289153
1.44881,1.479434
1.348072,-1.46638
1.403432,-0.175549
0.880606,-0.003119
-0.395597,-0.421304
0.745332,1.296118
-0.091793,0.276312
0.685373,-0.918317
-0.660164,0.481347
-0.077044,-0.537276
0.970307,0.996899
1.035297,0.605776
-0.331693,-0.494166
0.128471,1.338218
-1.380537,-0.955623
0.066266,0.541614
0.766866,0.499803
-0.758428,1.386629
-0.361457,1.149556
0.527038,-1.16084
-1.131046,1.410046
0.865007,-0.731648
0.037022,-0.781398
0.833427,-0.793476
1.195854,-0.355119
1.102943,0.886181
1.045087,0.443848
-0.148542,-0.459618
1.314585,0.858984
-0.832886,1.485846
-0.47886,-0.457185
0.004245,-1.173888
-1.012217,-1.290079
0.916947,0.851077
0.55477,1.486464
-0.504072,-0.362704
0.289844,0.318891
-0.823452,0.287017
0.899582,0.878916
1.147287,1.381501
-0.304478,-1.306869
0.868537,-1.474853
-0.308774,1.288307
1.273559,-1.235254
-0.152149,1.268561
1.259212,-0.888529
0.416386,-1.323341
1.359897,-1.422126
1.487676,-1.439206
0.397328,-1.284248
-1.00428,-0.940841
-0.192525,0.747886
0.56651,-0.114487
-0.375403,0.245163
1.418012,0.57264
0.622544,0.490655
-0.188844,-1.276295
-0.124377,0.337378
1.32062,0.462318
-0.494369,0.299831
1.091302,1.25162
0.718723,-1.476254
0.045174,-0.175529
0.196471,0.312586
1.19906,-1.451739
-0.545188,-0.03617
0.683521,0.674824
-0.147755,0.629627
-0.10769,-0.844729
0.041556,-0.536703
0.800417,-0.598047
1.079083,0.056366
0.188228,-0.056414
-0.418624,-0.644335
-0.786729,0.270662
0.010901,-0.233254
-0.982691,-0.326695
-0.379145,-0.340841
-0.706783,1.065411
0.39518,0.967801
-0.272953,-0.89672
0.643937,0.906602
0.15788,0.891938
-0.15196,-0.282097
-0.287023,0.283218
-0.593393,0.418607
-1.33355,0.05447
0.013901,-0.147159
0.753277,-0.05967
-0.493649,1.137461
1.034402,-0.439685
-1.265704,1.014099
0.308193,0.121007
-0.14439,1.368254
-0.442312,0.262548
-0.209218,1.356943
-1.253989,-0.340971
0.901765,-1.152353
-0.330066,-1.083285
-1.346998,0.199338
0.631743,0.411777
-1.243924,-0.89723
-0.154499,1.051224
1.146768,-1.249738
-0.796385,0.54684
-0.955215,1.176478
-0.53609,-0.038687
-0.246943,-0.033757
1.073812,0.31872
-1.154938,-0.160895
0.971456,0.64325
0.673798,0.138283
-0.061021,1.009027
-0.438991,0.599615
-0.011758,-1.162271
-0.564782,-0.057465
0.031999,0.077851
0.303216,-1.095332
6.7e-05,0.804996
-0.252133,0.974561
0.226331,0.96268
0.023564,0.505014
0.047317,0.974866
0.206837,-0.584691
-0.585898,0.215541
-1.124228,-1.206903
0.558787,-0.261128
-1.321424,0.068081
-0.838163,0.030524
0.052791,1.161416
1.194687,0.102416
0.308215,-0.218632
1.100073,0.611524
-0.583583,-0.157262
-0.98552,-0.0554
0.413507,-1.05168
1.250736,-0.399324
-1.452356,-0.27965
1.476414,1.399484
-0.246355,-0.603195
-0.257568,-0.546909
0.524998,0.360905
-1.160264,0.878258
0.175537,-0.24961
0.541166,0.814409
0.707889,-1.455935
-1.063874,0.065336
-1.169681,1.114483
0.543269,-0.629486
0.363395,1.328214
-0.256287,0.401197
0.231748,-0.869714
1.144917,-0.582499
0.459565,-0.583199
-1.224774,-0.150128
-0.114464,-0.914862
1.317732,0.786036
-1.439131,0.285898
0.154039,-0.277804
-0.802014,-0.106232
0.744419,-0.094261
1.391812,0.780553
-1.31302,0.851436
1.178951,-1.428658
0.81035,-0.87018
-1.086688,-0.131697
1.143683,-0.944996
1.017825,1.478426
1.023135,-0.256626
0.785533,0.085636
-0.731776,0.124604
1.325869,-0.044402
-0.367719,0.669627
0.310879,0.22112
-1.210937,0.26174
-1.485955,1.493239
-0.427071,-1.084813
-1.164613,-0.520033
-0.35438,-0.06805
0.993919,1.251759
1.116857,-0.745799
1.161456,0.414988
-0.067351,-0.355778
0.821156,-0.889958
1.365716,-1.45627
-0.631026,1.19601
-1.285191,0.260806
0.273051,0.393442
-0.591651,1.162807
1.445856,-1.20416
0.462821,0.862218
-0.422342,-0.564646
-1.258133,1.179511
-1.47967,-1.422547
-0.231246,-1.482355
-0.72326,1.168879
-0.629079,-0.611211
1.319269,0.176003
0.996627,-0.582156
-1.319917,1.422138
0.251513,0.993929
-0.678037,-1.070065
0.484837,-0.041562
0.151599,0.163759
0.172726,-0.952501
-1.315767,-1.052131
0.442478,0.555859
1.17265,-0.257133
1.252045,0.009368
0.267179,0.19871
-1.269975,1.308711
0.326946,-1.457867
-1.151413,1.353367
-0.30717,1.25071
0.121315,-0.785487
-0.458748,1.196877
1.061628,-0.994077
-0.421401,-0.986469
1.023233,-0.739792
-1.103703,1.206832
-1.272729,0.576739
-0.179941,-1.14271
0.957515,0.817034
-1.016031,1.308153
-0.488563,-1.113744
-0.300075,1.268181
0.891415,-0.289435
0.34299,0.428707
1.47215,-0.419044
-0.498109,-0.540558
1.351193,-0.161548
-0.972512,-0.032865
0.195494,-1.195188
-1.355768,0.044089
0.244969,1.002523
0.251691,-0.529185
0.541487,-0.971077
-0.943763,-0.966979
1.028362,0.818321
0.784526,-1.385706
0.347105,-1.23243
-0.661492,-0.829278
-1.275992,0.299293
1.282579,0.268054
-0.611443,-0.654214
-0.834402,0.008884
1.364525,0.355859
0.61987,0.926712
0.444623,1.378646
-0.537566,0.118277
-1.365165,0.157253
0.622666,-0.758235
0.136126,-1.321718
0.025144,-0.536263
1.220946,1.34142
0.888418,-1.259986
0.363657,-1.475523
0.471375,-0.117037
-1.236163,0.915078
0.946766,-0.34387
-0.629311,-1.192666
0.306518,-0.20929
0.961085,0.030731
-0.364017,0.502022
-1.186046,-0.064918
-0.068254,-1.072713
0.634843,-0.563829
1.098789,-1.164902
-0.346239,0.872849
1.311393,-0.334167
-0.292056,-0.805786
0.980161,0.907108
-1.491724,-0.849477
-0.896853,-1.418959
-0.227416,1.08613
0.049615,-0.926187
0.635318,1.207742
0.663047,0.835169
0.145803,-0.089499
-1.252684,-1.472913
0.618552,-0.445379
0.554985,0.98752
-1.342738,0.765893
-1.475186,-0.082445
0.358126,0.522874
-0.988402,0.774597
0.720493,-0.778137
-0.702028,0.126409
0.204628,-1.378027
0.931865,1.205662
-0.998887,-0.349478
-0.137129,0.007304
-0.613918,-0.623815
0.205969,0.630143
0.467219,0.740765
-1.493574,1.090238
-0.573928,-1.013554
-1.079514,-0.299513
-0.785042,-1.18142
-0.11819,-0.162338
0.615664,-1.474904
0.31447,0.550176
-0.97121,1.422288
-1.323569,0.581232
1.087536,-1.037482
-0.948964,0.087679
0.856258,-0.287782
0.594352,-0.00791
-1.431117,-0.353805
-0.958437,-1.031531
1.300039,0.902143
-0.002673,0.417872
1.382106,0.853024
0.34468,0.311465
-0.196557,0.243285
0.272758,1.156155
1.277272,0.974631
-1.030351,-1.359257
1.455643,0.052604
1.151428,0.723396
0.640528,-1.04244
-0.447768,-0.435653
1.02442,0.099479
1.387634,1.258384
-0.213454,1.464766
0.650101,-1.180722
0.211179,-0.916728
0.975941,-0.37627
-1.375423,0.961152
1.444998,-1.110751
0.964792,-0.654986
-0.835034,-1.14148
0.532887,1.47655
-0.965433,1.315543
-0.070444,-0.667208
-0.708371,-0.807262
1.279217,1.175945
-0.144253,1.466365
-0.510617,-0.36282
-1.421395,0.862686
-0.810919,-0.502054
-0.839572,-1.328623
-1.309518,-1.47292
-0.425152,0.35873
-1.045031,0.980766
-0.791412,-1.218472
-0.767962,0.280354
-0.362565,0.459443
-0.500989,0.911529
1.370941,-0.202601
-0.12698,-0.442335
-0.161295,-1.28706
0.007739,-0.462262
0.814266,0.908933
-1.100368,1.062326
-1.353261,0.798502
-1.382368,-0.762747
-0.256586,-1.212645
-1.201989,0.178382
-1.049446,-0.319235
-0.986041,0.71466
-0.723295,0.678143
-0.14989,-1.276844
-0.44047,1.460919
-0.136381,0.432185
0.897074,1.081085
-0.984418,1.280663
-0.737298,-1.11351
1.296309,-0.044167
-0.18325,0.741024
0.511264,0.559754
-1.361773,-0.721144
0.666649,0.200131
0.245932,1.371974
-1.188791,0.820413
1.190663,-0.720153
0.031741,-1.087173
0.723786,-0.379602
-1.054398,0.267919
1.367268,1.049629
0.534147,0.73795
0.938583,-1.414421
-1.498142,-1.31452
1.335313,-0.244228
-0.571651,0.479443
-0.998204,-1.30131
-0.902069,0.378482
0.931865,-0.626216
0.013283,0.854626
0.011883,0.682825
1.063841,1.389637
0.405045,1.112858
-0.046944,0.538742
-1.385685,-1.47408
-1.003378,0.322743
-0.087135,1.064263
1.307669,-0.423053
1.4145,-1.236882
0.723562,0.118453
1.015819,0.873488
0.431134,0.811896
0.734082,0.921265
-0.257329,-1.278093
0.675823,-0.230556
0.585089,1.130427
-0.030161,1.391632
0.110532,1.34624
-0.653368,-1.215485
-0.611455,-1.001878
1.329852,-0.397393
1.020438,0.369319
1.405354,-0.15477
-1.370948,1.480222
-1.169934,0.129282
1.174778,1.323086
0.808171,-1.094525
1.338597,1.192932
-0.739392,-1.06184
-0.009956,-0.764897
-0.345994,-0.473448
1.423383,1.394713
1.246573,1.079312
0.848047,-0.556794
0.057407,-0.192209
0.737647,-0.231181
1.075656,1.429566
0.637871,0.455424
1.070911,1.477939
0.986845,1.475199
0.592329,-0.762925
-0.272968,0.836246
1.424765,1.048059
1.165059,0.601954
-1.218569,-1.250704
-1.490566,0.845467
0.579861,-1.224007
0.454476,0.877289
0.9793,1.195708
1.181852,-0.05974
0.111766,-0.102523
0.089621,-1.102686
-1.048881,0.560343
0.170057,0.251607
0.234839,-0.756252
1.40756,-0.196584
1.185553,1.411729
0.044597,-1.484475
-0.155995,-0.1398
-0.287435,0.741673
-0.149162,1.401214
1.447784,-1.123489
0.996481,-1.109828
0.473825,1.410868
-1.404778,-0.232848
0.445922,-0.884362
-0.199203,-1.009577
-1.196546,0.916996
0.543536,-0.876307
0.142188,-0.378051
-0.353498,0.04725
0.064426,-1.296632
-1.240446,-0.174094
-0.464121,-0.116972
-0.409004,-0.677132
-1.145541,-0.244077
1.3778,1.05706
-0.270729,-0.081576
1.352565,0.902142
1.118697,0.825572
-1.485947,1.49646
1.426799,0.864555
-0.325882,1.430827
-0.397783,1.19499
0.507422,-1.248722
-0.556835,-0.469729
-0.744887,-1.395345
0.941792,-1.21371
-0.09632,-0.568445
0.632773,1.285029
-1.141561,1.414955
-0.758967,0.401388
-0.621307,-0.484914
-1.145197,-0.172623
0.076765,0.559394
0.70255,0.588267
1.272757,0.858755
-0.631292,0.211363
-1.262427,0.466486
-1.356983,-0.2956
1.374653,-0.944926
-0.54854,0.242491
0.263026,-1.47978
1.375266,0.336755
1.294475,-1.499962
-1.10211,-1.361001
0.581223,0.192175
1.191711,-0.858638
0.09981,-0.119271
-1.022489,0.527112
1.488332,-0.575329
-0.682561,0.591324
0.730747,0.151407
0.843722,0.485718
0.772033,1.007562
-0.97492,-0.24309
1.40235,-0.812571
-1.168478,-0.196413
1.303104,0.412536
1.086811,1.332083
0.519184,0.323591
1.327794,-0.285563
-0.445479,-0.665368
1.107083,-0.993295
0.27947,-0.05799
-1.225164,-0.962918
0.890545,1.489269
1.424258,1.030381
-1.128917,1.458987
0.205368,0.358443
0.840672,-1.066252
-0.897341,1.374032
0.63991,0.929952
1.040335,-1.427552
-0.340399,1.01441
1.38013,0.188169
0.366005,-0.516887
-0.931634,-1.417566
-0.955861,0.218399
-1.364726,-0.617983
1.462171,-1.342935
-1.011274,-1.100074
0.716168,0.637382
1.207231,-0.411995
0.837838,-0.902408
-0.977558,0.79594
1.10317,-1.295194
0.539933,0.889314
-0.870313,-0.413135
0.595163,-0.080269
-0.240101,-1.492208
-0.677753,0.97526
0.376408,-0.514436
0.27461,0.546826
-0.675425,-0.366728
0.184303,0.289142
-0.192627,-0.256518
-0.919806,0.834648
-0.544925,1.465728
-1.175706,-1.295774
-1.151322,-1.190638
-0.272371,0.559461
-0.289544,-1.363308
1.147713,1.123935
-0.057564,-0.783984
-0.908373,0.797527
1.165229,0.299505
-0.587526,-0.354596
-0.296103,0.005064
0.65074,-1.482463
0.098783,1.282486
-1.337054,-0.918635
-1.361814,-0.278858
-0.182694,1.090105
0.589332,1.085363
1.399739,0.412826
1.188298,0.705095
0.373259,0.653607
0.19636,0.823437
0.48506,-0.621847
-1.187961,-1.199661
-0.020607,0.842355
-0.918731,0.878712
0.48583,0.907486
0.54387,-0.561203
0.156884,0.488341
0.061262,-0.845005
-0.310869,-1.350851
-0.196668,-0.669134
-0.381323,-0.478442
0.240706,0.032451
1.067352,0.441718
0.138281,-0.300862
1.199638,1.235957
-1.079116,1.106544
-0.07934,1.101229
-0.778871,1.312661
0.927232,0.254156
-0.574514,0.330566
1.225195,1.248561
-1.306001,-1.477414
0.373115,0.331531
0.153254,0.336919
-0.657196,0.09962
1.109717,-0.733547
-1.194632,0.221461
1.415425,0.302504
0.455791,-0.301402
0.190396,-1.06589
-1.0774,-1.028903
0.989601,0.966797
0.220773,0.349798
-0.80824,0.511572
0.202461,-0.629049
-0.828231,1.332338
1.030676,-1.400128
1.201204,1.317632
-0.018244,0.87679
0.520919,1.341451
1.114354,0.487709
0.594063,0.198661
1.208214,0.43298
-1.370285,-0.387081
0.905664,0.628165
-0.035292,-0.903298
-1.217476,-0.272873
0.66156,1.158679
0.728879,-0.987603
-0.110388,1.459201
1.054156,-1.39844
-1.221246,1.39282
0.926221,-0.64524
0.445713,-0.752954
0.356485,-1.204696
-0.199495,0.531742
-0.885128,0.357937
0.02564,0.032075
-1.419781,0.466764
1.39454,1.338125
0.545124,0.63194
0.498051,-0.285327
0.322215,-0.359403
0.35306,0.601976
-0.720168,-1.327964
0.518817,0.953927
-0.984692,-0.946741
1.384363,0.465439
0.52949,-1.388948
-1.311551,-0.353741
1.405756,-0.745423
-0.405751,1.080736
-0.102737,-1.155428
-0.311749,0.640653
0.275465,-1.447908
-1.248246,1.058451
0.300231,-0.525555
-0.19113,0.765903
1.093667,-1.290586
-0.751557,-0.267999
0.717606,-1.205743
-0.064793,-0.920647
-0.614966,0.50759
-0.948296,-1.109739
1.450577,0.530998
0.208334,-1.452515
-1.440442,0.396301
0.478111,1.451127
-0.534596,0.689215
-0.467343,-0.124251
-0.289655,0.568851
-0.157891,1.169179
-1.108445,0.454496
-0.723795,-1.322095
0.549618,0.126483
0.299091,0.235214
0.595096,0.308589
-0.970706,0.370384
-0.016454,1.396157
-1.424709,0.125251
0.769764,0.295781
-0.902597,0.662448
-1.442056,-1.392154
0.870245,-1.293738
0.366077,1.472071
0.271665,0.905425
-0.727668,0.273613
1.453369,-1.023977
0.339023,0.224897
-0.561599,1.388092
1.417745,0.190538
-0.749052,0.348471
-1.28604,0.649831
-0.940121,0.182396
0.970435,0.241445
1.22595,-0.687097
0.640955,-0.133577
1.067201,0.165721
-0.521011,-1.190131
0.427041,0.911217
1.258086,0.253062
0.495904,-0.324759
1.292455,-1.069942
1.000167,1.294455
-0.857019,-0.169582
-0.127347,0.977083
-0.800811,0.410835
0.439207,0.087224
-0.583121,0.49973
-0.892608,0.788474
-0.567994,0.228098
-0.160764,0.526881
-0.06668,1.221354
1.410902,-0.826975
-0.496374,-0.556171
0.474496,1.319033
0.207722,-0.311343
0.210851,-0.917074
1.165676,-1.441928
0.212277,-1.080518
1.192653,-1.101434
1.072133,1.246255
0.911381,1.439864
0.616458,-1.285682
-1.242511,-1.009523
-0.718879,-1.44949
-1.072524,1.040026
1.30356,-1.184142
-0.370918,0.772998
0.183404,-0.61933
-0.290167,-0.177862
-0.826409,-1.350621
1.430521,-0.600379
-0.154228,0.753758
0.967685,-1.190932
-0.984238,0.404911
-0.2611,0.939181
0.379955,-0.697925
0.694521,1.11028
-0.937148,-1.462573
-0.710812,-0.537377
-0.895989,-0.671818
0.838864,-1.026439
-0.381669,-0.70534
0.214488,-1.176235
-0.682639,-0.01603
0.701791,-1.281699
-0.917688,1.050398
0.353696,-0.132591
1.052184,0.218365
-1.296551,0.681445
-0.028034,1.065249
-0.332171,-1.458792
-1.166898,0.688975
-1.413996,0.574604
-1.364159,-1.122342
1.438321,-1.233771
0.116504,0.500095
1.346608,-1.257538
0.712022,-1.061096
0.829102,-0.938432
1.030303,-0.049197
0.228263,0.535954
-1.066828,-0.955292
-0.065659,0.898581
-0.250693,-0.686861
0.642985,1.302832
-0.37081,0.061187
1.311598,0.735445
0.984009,-0.905052
0.461271,-0.57107
0.402318,-1.4537
0.726674,-0.18644
0.558924,-0.713484
-1.303364,-0.571765
0.251918,-0.172755
0.245019,1.074658
0.876157,1.311123
-0.429893,1.023632
1.135791,1.101728
-0.985647,1.424684
-0.8278,1.224725
-0.295123,-0.278133
0.8884,-0.02396
-0.861985,-1.090017
-0.204294,0.943875
0.107939,0.198028
1.191218,1.152518
0.7934,-0.715777
-0.278492,1.152443
-0.159182,-1.110754
1.261183,-0.796663
0.980444,-1.184471
-0.788276,0.936832
-0.328108,-0.482903
-1.301811,0.90346
1.166261,-1.391082
-0.924705,-0.39634
-1.132417,-1.064886
-0.71765,-0.92622
0.583151,-0.793282
-1.046991,-0.560467
-1.398709,-0.41404
-1.288282,0.652545
-0.6377,-1.112656
0.836712,-0.360599
0.464007,0.157079
-0.414553,0.669559
0.310977,0.207835
-0.083625,-0.704326
-0.379319,1.139743
0.332034,1.371075
1.224107,-0.608696
0.485901,-1.349041
0.168173,0.554822
0.570471,1.116609
0.764952,0.957178
0.745962,-1.03891
1.208268,-0.654086
0.746491,-0.856525
0.534445,0.466005
-0.098426,-0.447016
-1.238996,-1.418788
0.678575,-0.438101
-1.258369,-0.866279
0.788976,0.122207
0.761049,-1.34242
0.117792,-0.677006
-0.749398,0.247805
-0.178888,0.823786
-1.411387,0.389866
0.599964,-0.979233
0.971823,1.226804
-0.333521,-1.014088
-0.907053,0.672301
0.988013,-0.188907
0.117998,-0.863858
-1.095891,-1.360423
0.236934,0.22296
1.43075,-0.122871
0.857435,-1.061171
0.040525,0.668789
0.467653,-1.483871
-0.540127,-0.608507
-1.055699,1.075392
-1.019999,-0.479667
0.978799,-0.79673
-1.488037,-1.143984
0.704283,1.060784
-0.984086,-0.977469
0.381907,1.277622
0.547032,1.056822
1.168321,-0.207953
-0.938447,1.267059
-0.67089,0.139005
0.798534,1.3553
-0.618679,1.456966
-0.899198,-0.265053
0.406446,-1.457508
-1.241793,-0.456257
0.197493,1.275863
-0.289673,0.623222
0.502957,0.114548
0.177379,0.294624
0.450573,0.946917
-1.405085,0.217614
0.687717,-0.940335
1.472895,-1.435733
-0.515748,-0.255366
-1.494983,-1.030786
0.226341,-1.297855
0.602588,0.442984
-0.973569,-0.160799
1.08613,-0.753813
-0.540101,-0.402538
-1.10583,-1.278613
0.193948,-1.266288
0.317621,1.13492
-0.046555,-0.487979
1.075856,0.501372
-0.285714,-0.655145
1.057983,1.149139
0.941081,0.164538
0.099194,1.150909
0.091873,0.963634
-1.303988,0.081938
0.034069,0.172395
-0.021799,-1.103007
-1.268206,0.775776
-1.1881,0.555698
-0.276516,-1.458189
-0.017036,-1.302547
1.414889,0.71001
-0.010735,-0.852709
0.598093,-0.118085
1.136212,0.810466
1.028963,1.458553
-0.156842,1.181048
1.003007,-0.923251
1.380643,1.183104
1.389703,1.130146
0.79847,0.169739
-1.164364,-0.419555
0.72105,0.738874
0.146529,-1.240707
1.171285,0.812138
-0.929873,0.559105
-0.375954,1.248457
-0.120974,1.067825
0.755128,-0.177744
0.123507,-0.002362
-0.252818,-0.27211
-0.587695,1.196028
0.910011,-1.115185
-0.049881,0.990516
1.42607,0.665179
0.640782,-0.857016
0.021178,0.017867
0.739883,-0.689187
-1.210879,-0.940292
0.037313,0.316182
0.214389,-0.597696
-0.561476,-1.08626
0.387687,0.04587
-0.974512,-0.72994
-0.508103,-0.412524
-0.578232,-0.805766
-0.635221,-0.05816
1.070659,0.638881
1.192148,0.275169
0.552416,0.209904
1.314063,-0.424195
-0.852214,0.182424
-0.813805,-0.7021
-0.555356,1.289116
1.1304,0.540363
0.512864,0.392615
-0.02952,-0.017015
1.150832,-0.664286
-0.105125,-0.637354
1.337189,-0.260074
-1.041271,-0.227883
-0.813096,0.852255
-0.571358,-1.018939
0.025836,0.130172
0.64385,0.402599
1.431521,-0.954629
-0.324195,0.627135
0.720282,-1.248682
-1.206303,0.110891
-0.115414,1.218579
-0.9954,-0.104715
0.1712,0.656502
-0.096533,-1.117971
-1.49205,-0.15758
0.777381,1.269607
1.144339,-1.014664
0.340565,-1.270629
0.662327,-1.247139
0.702228,-1.447631
0.841756,1.33408
-0.775353,-1.085854
0.989581,-1.299246
0.729978,-1.439062
0.680796,-1.304447
1.253351,-0.307026
0.647621,0.614724
0.03624,0.392355
-1.45189,0.415141
-0.819046,-0.117775
1.420145,-0.863642
-0.296768,-1.047469
0.216405,0.335868
-1.190875,-1.103319
-0.596757,-1.239079
-1.353314,1.470782
0.757556,-1.09227
0.79978,-0.409584
-0.180235,1.329211
-0.728569,-1.191712
-0.547722,0.780718
-0.391753,-1.02127
-1.161384,0.963805
1.14559,0.682965
-0.812568,0.578515
-0.483391,0.031231
-1.445413,0.418033
-0.540712,-1.096159
0.575021,-0.416839
-0.077944,-0.788435
0.124091,0.29108
-0.161512,-0.616494
0.054029,-1.098051
0.123726,1.258265
-0.719169,0.196638
0.882133,-0.974842
0.651432,-1.336819
0.909453,0.854129
1.495842,0.175692
0.226634,-1.477342
0.493869,-0.610396
-0.898152,0.693885
-1.092586,1.071987
0.900815,0.030902
-0.260733,1.318395
-1.307475,-0.568213
0.030105,0.288217
0.670146,0.771717
1.208012,1.39219
0.899288,0.81615
0.130048,0.766003
0.837175,0.299054
-0.257996,1.190336
0.807866,-0.159572
-0.600771,0.296469
-0.521067,-1.258633
0.083448,1.365349
-0.117864,0.35003
-0.37751,-1.24774
-0.033989,0.302363
0.921565,0.837768
0.036619,0.727753
1.105358,0.988378
-0.876979,-0.529429
-1.228807,0.574418
-1.238659,-1.321741
-1.159834,0.239119
0.450505,-0.471014
0.566618,1.177479
1.08035,-0.480707
-1.045709,-1.371863
-0.305975,-0.636985
-0.470972,0.906915
0.18206,1.140438
-1.09904,-0.209649
-1.319915,-1.011256
-0.906487,0.799975
-0.486837,0.490935
0.380275,0.024198
1.130383,-1.230457
0.765396,0.223667
-0.940987,0.914034
-0.011614,0.244166
0.522945,0.496599
0.350018,-0.792982
1.138027,-0.14889
-1.27132,-0.988769
0.005735,0.010536
-0.732898,0.949718
-0.627629,-0.467112
-0.103163,-0.755195
-1.017077,-0.097133
0.239544,-0.456888
-0.824304,0.290822
-1.446738,-0.603557
1.091467,-1.301871
-1.101687,-0.55096
-1.431763,0.311619
-0.046207,-0.014098
-0.206265,0.156921
-0.694569,-0.443251
0.961187,1.446108
-0.790954,-0.294525
-0.071729,0.938499
-1.308469,-0.987843
0.541336,-0.07897
1.240666,1.04948
1.390166,-0.984006
-1.317164,0.424446
-1.154339,1.281763
1.447644,-0.571357
-0.32637,-0.200587
0.328975,0.536772
-0.096036,1.499442
-1.166097,-0.851876
-0.083531,-0.30169
1.33262,1.060342
-0.440734,-1.091063
1.150222,-0.244408
0.678511,-1.076555
-0.510354,-1.164713
-0.538858,-0.693077
-1.169401,-0.724591
-1.264364,-0.445324
0.993895,-0.512428
-0.861846,0.306665
-0.404134,-0.250099
0.422825,-0.716142
-0.760507,1.08726
-0.597099,-0.817657
-1.46274,0.126306
-0.665959,1.303633
0.540051,0.772787
0.096824,-0.277428
-0.673617,0.420863
-0.59618,-0.690648
0.910818,1.36644
1.207448,1.318533
0.719366,0.306215
0.697519,-1.239887
-1.372423,0.323728
1.425977,1.447553
0.231499,1.010202
-0.878043,1.399321
0.182814,0.628872
1.417319,-0.50312
1.023691,0.071049
-1.12588,0.529306
0.447026,-0.349402
1.156241,0.625599
0.97757,1.483146
0.119132,-0.503971
0.43142,0.928616
-0.814561,-0.254019
0.926678,0.694532
-1.251151,1.110244
0.566853,-0.495739
1.394102,0.952611
0.940022,1.47934
-0.113008,-0.855832
-1.142614,0.004679
-0.170086,-0.67587
0.780028,1.378995
0.208258,0.953581
0.67104,0.422344
0.830074,-0.759637
1.4317,-0.767833
1.364667,0.84559
1.072272,1.406513
0.48892,-0.784609
-1.027159,0.801472
-0.037629,-0.276583
-1.058381,-1.482817
1.261832,1.202039
-0.900348,0.210998
0.856848,-0.517888
0.451347,0.653415
1.2174,0.474342
0.391241,1.112885
0.259957,-0.335578
1.075141,-0.010592
0.61973,-0.124772
1.322229,0.511038
-1.135363,0.420097
-0.090903,-0.805564
-1.146637,-0.602417
-0.887577,-0.687515
1.225361,-0.413035
1.464925,0.601804
-0.506069,-1.298433
-0.189434,-0.4111
0.698922,0.355206
-0.85855,1.334188
1.318511,1.477051
0.440833,0.395719
0.942076,-0.080839
0.141454,-1.174271
0.130281,-0.663744
-0.145472,0.461956
-0.5213,0.110371
-0.429494,0.992138
-0.949822,-0.162799
0.782772,0.535494
-0.559199,0.311896
-0.854747,-0.846815
0.514053,1.216365
0.913357,0.034868
0.419237,0.813815
0.288411,-0.032521
0.59321,-0.082841
1.290296,-1.357889
-1.154539,0.45913
1.317073,-0.136131
-0.820792,-0.623594
-0.687375,1.275081
-0.083619,-0.771555
-0.671567,-1.372409
1.274492,0.626099
0.62455,0.067801
-0.768064,-1.360877
-1.310348,0.503988
1.178272,0.780087
-1.011527,0.556456
0.825307,-1.138557
0.984297,1.192621
-0.060348,0.521317
1.159448,1.312967
0.978682,-0.774776
0.697319,1.023818
-1.217832,0.535893
0.206874,-0.490277
-1.475202,0.422539
0.528298,1.069565
0.779497,-1.46543
0.920748,-1.224067
-0.312086,-0.810514
1.493761,-0.753345
0.16645,1.353514
-0.290945,-1.113138
-0.326158,-1.422965
-0.805863,0.39017
-0.520308,-0.258197
-0.012896,0.110629
1.245676,0.145797
1.446884,0.887412
0.428542,0.269089
1.165005,-0.398908
0.380514,-1.317743
0.372265,-0.969031
-1.145575,0.583157
-1.369716,0.554968
-1.432514,-0.619034
0.629879,-0.006123
0.195688,1.014038
-0.191663,-0.527748
-0.618101,0.69647
0.106966,0.665427
0.212152,0.759383
-1.171106,-1.415476
0.47635,-0.906455
1.215679,-1.375705
-0.847827,0.353493
-1.402772,-0.17485
0.595925,-0.279258
0.170795,-0.025654
0.236532,-0.241737
-0.584142,-1.278415
0.611591,-1.051699
0.349059,-0.455848
0.453992,-1.15278
-1.138188,-0.077361
0.908887,-0.771451
-1.024748,-0.251758
0.115717,-1.317394
-1.497497,-0.584709
-0.955301,0.429697
-0.017153,0.468767
0.674853,-0.499882
0.575388,-0.292401
1.468352,-0.876964
-0.410234,-0.365071
0.765006,0.496123
-0.496608,0.510498
-0.526186,1.015501
-1.334279,-0.780604
1.402082,-1.282973
1.370781,-0.97506
0.764828,0.748346
-1.120676,1.296418
1.059438,0.328352
-0.069009,1.073586
0.770625,-0.089449
0.969782,-0.640783
0.659305,-0.622898
0.332458,-0.035076
0.50153,-0.441986
-1.362323,1.466349
1.362575,0.954212
0.961077,1.352267
-1.446365,-0.084464
0.700803,-1.362188
0.492141,1.157358
0.199942,1.355567
0.019678,-0.313431
-1.444934,-1.329284
1.288149,-0.989726
-0.165161,-1.108139
1.429439,-1.199449
0.038999,0.90117
0.125398,-0.067936
-1.134888,1.415761
0.71112,-0.831376
-0.590562,0.045794
1.123719,0.032542
-0.557036,-0.573915
-1.138076,0.267331
-1.097805,1.066121
-0.66636,0.526749
-1.412738,-0.335422
0.0228,0.632733
-1.166292,0.437514
0.526186,0.358526
-0.233621,-1.332507
-1.203003,-0.637469
-1.372093,-1.48216
0.468703,0.139698
-0.320494,0.153573
-0.244451,-1.227159
0.704956,1.241321
-0.580929,-0.77935
-0.174331,-0.62323
-1.475915,1.331195
-1.373463,0.49669
1.477217,0.906229
-1.339935,-0.77459
-0.954054,0.671102
0.592724,-1.440692
-1.364173,0.319262
-1.292001,-0.26574
-0.257849,-0.101065
0.155793,-0.106313
-1.422091,-0.966192
0.623188,0.256705
-0.219761,-0.173866
0.729243,0.72992
-1.459443,-0.374226
0.043953,0.7395
0.638111,0.880866
1.280455,-1.380353
-0.601229,-0.998197
-0.815991,0.095563
0.843514,0.730404
1.461869,-0.507859
1.4885,-0.360414
-0.833037,-0.521152
0.702842,0.890175
-0.380341,-0.683379
1.046327,-0.971466
-0.364072,1.482485
1.0391,-1.493097
1.488082,-1.036202
-0.419235,-0.143152
-1.122734,-0.790574
0.831138,0.528205
0.407902,1.336187
-1.432794,-0.877671
0.866403,-1.350109
-0.999963,-1.088871
0.233876,0.230522
-0.551291,0.968761
1.456015,-0.170953
-1.236204,0.884379
-0.441082,-1.254738
1.007708,0.168441
0.014281,1.361698
0.624573,-0.111159
0.574002,0.376875
-1.065718,0.206724
-0.764124,1.295378
0.224618,0.162711
-0.107484,0.208179
0.373862,-0.230906
0.532253,-0.292983
-1.01129,-1.149052
1.31471,0.778808
-1.09962,1.258501
0.963503,0.755625
-1.183211,-0.989773
-0.634468,1.135451
0.265327,-1.135766
-0.66797,-0.066886
-0.222066,1.168031
0.644112,-0.160984
0.211607,-1.240667
0.333276,0.348105
-0.212348,-1.270245
1.082365,-1.264083
-0.415208,0.410898
1.184235,0.714537
0.147377,0.421992
-0.234874,1.389789
-0.564046,-0.966674
-0.196764,-0.799967
0.451315,0.75387
-0.648704,-1.456994
1.026978,-1.444782
0.652033,0.555797
0.831676,0.92589
-0.597995,0.7812
1.440438,0.200262
1.437317,0.105276
-0.673211,0.702994
0.950618,-0.259201
0.118161,-0.638018
0.000647,0.71723
-0.096096,-1.223413
0.141968,0.186915
-0.642355,1.134025
-0.539079,0.561543
-0.924641,1.477087
1.438639,0.688885
-0.722755,1.014879
0.690582,0.297039
-1.339578,0.658741
0.618647,1.352834
-1.491062,0.562989
1.26667,0.442425
1.091326,-0.234657
0.577425,0.499291
0.726051,-0.713072
0.720218,-0.535611
0.805173,-0.935775
-0.666866,0.35399
-0.065772,-1.153923
1.089529,1.068776
-0.949101,0.942262
-0.769909,-0.156025
-1.121699,-1.188969
0.410003,0.733267
-1.198103,0.546267
-0.083905,0.296922
-0.901109,0.194451
-0.402351,-0.495474
1.369096,0.82259
-1.493254,-1.454286
1.283114,1.012326
-1.280139,-0.117652
0.723765,1.279997
-1.234595,-1.115762
1.496475,0.321519
-1.105994,1.262134
0.996159,0.619846
-0.452058,1.278145
0.469796,0.968608
0.944907,-1.397927
-1.17363,0.886274
-1.05164,-1.32624
1.169938,-0.612873
-1.436305,0.160554
1.261435,0.23102
-1.002073,0.903307
0.742234,0.293135
0.075241,0.21645
0.674486,-0.318936
0.825365,-0.070048
1.364609,-0.230631
1.054293,-0.073885
-1.452092,-0.015273
1.472572,-0.176934
1.454956,-0.990047
0.220177,1.340031
1.423544,1.175016
-0.492211,0.855978
-0.210175,-0.264095
-1.402515,0.172667
0.210177,0.555509
-0.754119,-1.095605
-1.252688,0.999544
-1.43071,0.498097
1.418547,-0.174126
-0.27958,1.110509
-0.030653,-0.70822
0.724337,-0.236952
-0.637882,-0.233986
0.714214,1.247052
-0.592189,-0.372608
0.548279,-0.549303
1.210104,-0.752442
1.02253,-0.091575
-1.249685,-1.331475
0.129404,-0.347357
-0.389357,0.764772
0.641034,-0.837944
1.34105,1.252369
-0.536808,-0.482143
1.339045,0.520631
0.507409,1.024412
-0.441257,0.772004
-0.662757,0.604312
-0.794464,-1.259628
-0.177335,-0.360233
0.939495,-0.952944
0.60345,-0.432986
-0.399149,-1.231283
0.392437,-1.360835
-0.740165,1.037584
0.040775,0.422701
0.648977,-1.365192
-0.165662,1.21413
-0.175832,0.511538
-0.54707,1.160193
1.248013,1.326352
0.292206,-0.896751
-0.819647,-1.161435
-0.89858,0.3357
-1.084303,0.431902
0.820615,0.894703
-0.70437,-0.58382
-0.792276,0.143251
-0.337085,1.33933
0.690938,0.460062
-0.643759,-1.133941
0.22582,-1.208847
0.528747,-0.762644
-0.898496,-0.981385
1.377901,1.273158
-0.120448,-1.033738
0.902584,1.351914
0.585138,-0.245724
1.094198,-0.104576
-0.678614,-0.001589
1.086059,-0.600022
-0.66097,-1.032541
-0.511606,0.090079
0.984642,1.176397
-0.249736,0.74273
-1.147681,0.053234
-1.170922,0.758443
1.102571,0.556538
-1.383096,1.019953
0.226837,0.643378
-0.145968,-0.851286
1.121243,-0.523336
-0.407228,-0.810965
-1.277651,0.077959
-1.374801,0.97014
-0.223816,0.014382
-0.831161,0.227018
-1.194455,-0.685292
0.948198,1.392737
1.112801,-0.991733
-0.983085,-0.969135
-0.523817,-0.4446
0.456721,-1.217881
-1.341339,-1.036575
-0.468288,-0.82105
-1.166257,-0.5716
1.031733,-0.930001
1.308934,0.203842
0.001509,-0.4704
0.615826,-0.450703
1.00202,1.364456
0.684934,-0.520055
-1.114844,0.859392
-0.187739,0.743507
1.232397,0.829848
-0.877873,1.062614
-1.222667,-0.76712
-0.399477,0.076041
1.498532,-0.006315
-1.357503,-0.941116
0.151081,-0.577068
-0.232186,-0.652091
0.166673,1.329593
1.109663,0.266547
0.763262,1.079
-0.194322,-1.21635
-0.431952,0.144945
0.872953,0.553867
0.290942,-1.160457
1.383401,-1.05209
-0.176877,1.110511
-0.098711,1.100767
0.813046,-0.000429
-0.393066,0.235888
-0.461223,-0.599034
1.420771,0.60239
0.376823,-0.011167
-0.004521,1.070579
1.347749,0.418874
-0.385837,-0.716821
0.046292,0.997654
0.443719,-1.456353
-1.001765,-0.818607
-0.01733,0.828995
1.158592,0.964315
1.370109,-0.986452
1.303022,-0.764344
-0.884951,-0.183934
0.729993,0.855858
-0.514335,1.476794
-0.014579,0.920544
0.752971,-1.04411
0.408322,-0.014239
0.501501,0.804647
-1.094425,-0.578505
0.154687,0.550389
1.376554,0.862712
-0.906589,0.846299
-0.59936,-0.930819
-0.037718,1.094522
-1.13431,1.15598
-0.495673,-1.303467
0.726269,1.191334
-1.01816,-0.453313
-1.307943,0.51456
-1.188088,-1.169109
-0.168349,-1.367723
-0.503004,-1.133124
0.549178,-1.010492
-1.266949,0.352924
-1.094523,1.160576
0.270651,1.004075
-0.66719,0.329506
0.940832,0.620093
0.761867,-1.022313
0.366225,-1.24098
0.317302,0.05087
1.429598,-0.092045
0.624848,-0.926952
0.626306,-0.76642
-1.174356,-0.97199
0.668472,-1.245279
0.326296,1.31594
-1.151155,-0.524857
0.179451,0.137638
-0.121748,1.392883
-0.426571,0.014192
0.267229,-0.549023
-1.489532,0.157814
0.192833,-1.05063
-1.321497,-0.986159
-1.134165,1.492434
0.963572,0.101493
-0.19709,0.029715
0.89591,1.43498
1.07899,0.677025
-0.60323,0.151438
-0.351335,-0.483296
-0.953439,-0.494319
0.930549,0.218938
0.588431,-0.071212
-0.322424,0.31142
-0.275931,-0.076978
1.02095,-0.271389
-1.013349,1.483585
-0.61306,-1.450532
-1.137327,1.425058
0.006449,-0.527222
-0.928512,-1.405547
-0.445934,-0.080843
-1.137597,-0.611328
0.781807,-0.465126
-0.498336,-0.887136
-0.505646,1.192337
0.41269,0.785829
-1.228489,0.284663
-0.269998,0.908195
-0.078726,-0.602486
1.122118,0.015276
0.665189,-1.123452
0.468047,0.925201
1.276267,-0.559546
-0.486923,1.220548
0.692179,-0.985797
0.215812,0.870757
-0.10039,-0.464862
-1.376291,-1.352167
0.381994,-0.392476
1.26908,-1.117678
-0.716397,-0.403458
0.111011,1.410322
-1.161982,1.491777
-1.040539,0.090451
1.168835,-1.117068
0.98252,0.912501
-0.443717,0.523422
0.073553,-0.662857
-0.823249,-1.063098
-0.446945,0.891264
-0.325784,0.349695
-0.365654,-0.247948
0.116931,1.083794
-0.229452,-1.423335
-1.071177,-0.606909
-0.312476,-0.45176
0.925811,0.704899
-0.363386,-1.207276
1.410531,1.137304
-0.788445,0.562094
0.959077,0.137745
-1.052142,-1.003159
1.480583,-0.65353
0.290494,-1.497695
-0.340539,0.747916
1.277485,-0.56732
-0.597292,-0.26699
-0.979471,0.562615
0.496684,-1.204282
0.585072,0.324388
0.613091,0.772571
1.177388,1.277398
1.172637,1.342245
0.482806,0.34508
0.18382,0.924495
-1.24933,1.149064
-0.627039,-0.763676
1.179488,1.081898
-0.781135,-0.28503
0.083725,0.476624
0.706353,1.356812
0.859052,-0.759919
0.085515,-0.450322
0.317269,-1.349804
-0.552618,-0.127734
1.308642,0.253157
-0.526991,-0.903517
0.458203,-1.30244
-1.494393,-0.959082
-0.981683,-0.277717
0.563352,-0.631267
-0.127791,-1.498189
0.75144,1.04493
1.042802,-0.212172
-0.73679,-0.346142
0.661876,-0.910908
0.594449,-1.171622
-1.033573,-0.194654
0.712252,-0.502401
1.442904,-1.03373
-1.138472,1.248213
-1.257814,0.185339
1.276879,0.966762
0.773385,1.435715
0.124667,-0.55262
1.199899,0.627312
-0.260585,0.382685
1.092142,0.881911
-0.742049,0.849766
0.721384,0.754225
-1.178306,1.081875
-0.839344,1.266303
1.176081,-1.084343
1.405009,-1.174642
0.635497,-0.156045
-0.083889,0.773071
0.161012,0.335827
1.205286,1.154484
-0.697403,0.874848
1.279139,0.743156
1.244264,1.352392
-0.770726,-1.320984
-0.326094,0.10661
0.770022,0.573312
-0.483779,-1.199438
-0.925113,-0.748412
-0.370965,1.197793
-0.096052,-1.260384
-0.435737,1.413877
0.571174,0.508086
-0.079713,-0.708597
0.178583,0.052006
-1.053919,-0.03779
-0.99863,1.127578
-0.190037,0.185063
-1.230668,1.045751
0.905651,-1.218176
0.063748,-0.871259
-1.067033,-0.350112
0.824037,1.364606
1.398593,-0.55652
1.229502,1.121415
0.598139,-0.038233
-0.054435,-0.426947
-0.970683,0.438437
-1.145357,0.002856
-0.592265,1.440751
-0.961975,-0.036522
0.514558,-0.190669
-1.020461,-0.31302
0.87847,0.152013
-0.545801,0.580524
1.105217,-0.668966
1.361338,-0.017316
1.271998,-0.63564
0.978422,-0.035579
-0.76204,0.536085
-0.516173,-0.692115
-0.10555,-0.809445
-0.203543,1.133171
-1.384358,0.285361
0.596409,1.381032
-0.675667,-1.316071
1.250951,0.591024
-1.168417,0.002755
1.271246,-1.182409
-1.393491,1.37931
0.611459,0.348907
-0.555105,0.567629
-0.127489,-1.076577
-1.240092,0.816161
-0.090001,-0.677378
-0.833801,0.273049
-1.362503,-1.087547
-1.365451,-0.464396
-0.894986,-0.447464
0.881993,0.033344
1.005493,-0.657312
0.586925,-0.802848
-1.356974,-0.300857
-1.11026,-1.286882
1.319713,-0.829256
-0.202921,0.468836
0.442956,0.633401
-0.232028,-0.201585
-0.89909,0.024814
0.434817,-1.139823
0.523173,-1.092781
1.245861,-0.869606
1.472861,0.107083
0.456584,-0.250624
-0.228006,1.088737
-0.701623,1.499081
0.939718,-1.263658
1.021909,0.685892
-0.168684,0.840738
-0.737919,0.448283
-0.610433,0.952474
-1.177401,-1.394266
-0.620695,-1.232627
1.116238,-1.427773
-0.925358,0.977247
0.713192,0.844935
0.683995,0.046429
-0.834607,-1.267897
-1.147192,0.209429
0.483181,0.40663
1.205448,0.765083
-0.414669,0.711128
-0.127044,0.401624
0.743528,0.655807
-0.838573,-0.351638
1.144056,0.276366
0.413481,-1.396307
-1.283248,-1.000556
-0.715008,0.313698
-0.425574,0.497646
0.730668,1.148987
-0.765148,-1.445839
1.208231,-0.054315
1.373046,0.830794
-1.414214,0.732885
1.472593,1.119056
0.441223,-0.831412
0.432355,1.156677
-0.775874,0.135657
-0.698795,-1.28926
0.68416,-0.296141
-0.196831,-1.164049
1.472123,0.342048
-0.584766,-1.264681
-0.629592,0.042767
-0.597524,-1.243698
-0.60113,-1.387523
0.144219,-0.297475
-0.339181,-1.042569
0.391037,0.813593
-1.217343,0.006951
0.301796,0.745782
-0.848765,-0.886499
0.884951,-0.745936
-0.676491,-1.082751
-0.889441,1.239847
-0.660464,-0.231406
-0.169782,1.420754
-1.34159,1.101472
-0.066081,-1.477273
0.195564,1.200164
-1.484067,1.098931
-1.275326,0.484082
-0.035903,-1.29881
0.897249,0.147539
-0.058604,1.494912
-0.831874,0.171075
-0.240449,-0.852958
-1.1723,-1.459952
-0.444932,-0.009697
-1.081826,-0.177401
1.4902,-0.758388
-0.721988,-0.999776
-1.250658,-0.08611
-0.023336,1.162504
0.173274,-0.334082
-0.24949,-0.376993
0.026003,-0.519527
0.613486,1.132706
0.507462,0.468069
-0.448286,0.157986
0.250447,-1.019376
-0.562061,-0.154843
-0.042713,-1.014651
0.623987,1.246663
-0.785421,-0.575539
1.082414,0.358656
0.652718,1.127641
-0.413063,0.722246
0.439055,-1.148658
-0.0765,0.208147
0.609387,-0.491367
-0.059687,-0.946908
-0.884506,-0.847841
1.17423,0.277908
-0.909988,1.311108
0.642677,-0.48097
-0.729676,1.258622
0.195552,-0.625673
